ID,Epic,Equipo,Fase,FaseNombre,Titulo,Descripcion,CriterioDeAceptacion,Estado,EsNueva,BloqueadaPor,Etiquetas
B0.1,Backend · Fase 0 — Fundamentos e infraestructura,Backend,0,Fundamentos e infraestructura,Esquema Postgres,"Modelar el almacenamiento: tenants, roles, users, layout_versions, tabs, panels, panel_options, panel_data, catalog_metrics, agent_configs. panel_data es el snapshot materializado y no una vista sobre Snowflake.","• Las migraciones corren de cero sobre una base vacía y son reversibles.
• Un panel se ancla a metric_id; ninguna tabla guarda SQL ni nombre de tabla de Snowflake asociado a un panel.
• panel_data tiene clave (tenant_id, metric_id, periodo) y columnas para el gobierno completo: base, capa, fuente, frescura, catalog_version.
• Existe un diagrama o un schema.sql versionado en el repo del backend.",pendiente,no,,equipo:backend fase:0 estado:pendiente
B0.2,Backend · Fase 0 — Fundamentos e infraestructura,Backend,0,Fundamentos e infraestructura,Versionado de layout,"Un layout tiene versiones con estado draft | published. Publicar congela una versión, le asigna versionId y sella publishedAt.","• Editar un layout publicado crea un borrador nuevo; nunca muta el publicado.
• Un tenant tiene como máximo un layout publicado por dashboard en un momento.
• Se puede consultar el histórico de versiones con quién publicó y cuándo.
• Publicar invalida la cache de layout de ese tenant (ver B2.8).",pendiente,no,,equipo:backend fase:0 estado:pendiente
B0.3,Backend · Fase 0 — Fundamentos e infraestructura,Backend,0,Fundamentos e infraestructura,Autenticación JWT,"Emitir y validar tokens con claims tenant_id, role_id, user_id y aud (usuario | platform). El front no decodifica el token: recibe todo resuelto en /config/me.","• Todo endpoint bajo /api/v1 rechaza sin Authorization: Bearer con 401.
• El token expira y hay refresh o re-login declarado.
• Ningún endpoint devuelve tenant_id como identificador que el front deba reenviar: la pertenencia se resuelve del token.",pendiente,no,,equipo:backend fase:0 estado:pendiente
B0.4,Backend · Fase 0 — Fundamentos e infraestructura,Backend,0,Fundamentos e infraestructura,Middleware de auth y envelope,"Toda respuesta viaja como { success: true, data } o { success: false, error: { codigo, mensaje, campo?, desbloqueaCon? } }.","• No hay endpoint que devuelva el objeto pelado sin envelope.
• mensaje está escrito desde el lado del usuario. §8 de design.md: los errores no se disculpan y nunca son vagos — «El feed de inventario tiene 31 horas», no «Error al obtener snapshot».
• codigo es estable y sirve para decidir en código.",pendiente,no,,equipo:backend fase:0 estado:pendiente bloqueada
B0.5,Backend · Fase 0 — Fundamentos e infraestructura,Backend,0,Fundamentos e infraestructura,Contrato de consola,"contracts/synapse-api.yaml ya existe y cubre los endpoints de consola: me, catalog, blocks, tabs/{tabId}, panels:batch, chat, chat/hilos, me/preferencias, más decisiones, accionables y solicitudes. Fue escrito por el front derivándolo de §4 y de lo que C1 consume.","• El backend lo revisa y lo adopta, o marca las diferencias en el propio archivo.
• Al adoptarse deja de ser propuesta del front y pasa a ser fuente de los dos lados (T1).",hecho,no,,equipo:backend fase:0 estado:hecho
B0.6,Backend · Fase 0 — Fundamentos e infraestructura,Backend,0,Fundamentos e infraestructura,Extender el contrato con admin y builder,"Agregar al yaml los endpoints de §5: /admin/tenants, /admin/tenants/{id}/layouts, /admin/layouts/{id}, .../publish, .../validate, /admin/tenants/{id}/catalog, /admin/tenants/{id}/agents.","• Los esquemas de admin reutilizan PanelConfigurado, Metrica y Bloque; no se declaran versiones paralelas.
• openapi-typescript genera sin errores y el front compila contra los tipos.
• Cada endpoint declara qué aud del token acepta.",pendiente,no,,equipo:backend fase:0 estado:pendiente bloqueada
B0.7,Backend · Fase 0 — Fundamentos e infraestructura,Backend,0,Fundamentos e infraestructura,Tipos de servidor desde OpenAPI,"Generar los tipos del backend desde el mismo yaml, o compartir el contrato de modo que una divergencia rompa el build de alguno de los dos.","• Cambiar un campo en el yaml sin actualizar el backend falla en CI.
• No hay un segundo lugar donde estén escritos los mismos tipos a mano.",pendiente,no,,equipo:backend fase:0 estado:pendiente
B0.8,Backend · Fase 0 — Fundamentos e infraestructura,Backend,0,Fundamentos e infraestructura,Secret manager para credenciales Snowflake,Las credenciales por tenant salen de un gestor de secretos.,"• Ninguna credencial en código, en variables de entorno del front ni en ninguna respuesta de API.
• La configuración de agente que el superadmin edita no incluye la credencial: la referencia por identificador.",pendiente,no,,equipo:backend fase:0 estado:pendiente
B0.9,Backend · Fase 0 — Fundamentos e infraestructura,Backend,0,Fundamentos e infraestructura,Contestar las cinco # PREGUNTA: del contrato,"El yaml lleva cinco decisiones marcadas que el front no puede tomar. Contestarlas en el propio archivo es suficiente. | Línea | Qué hay que decidir | |---|---| | 430 | Falta versionModeloSemantico en el evento auditoria del chat. Sin él, el veredicto inconcluso no se calcula. ¿Lo emite el chat o lo resuelve el DECISION_LOG al re-medir? | | 531 | ¿El backend expone actor o lo deriva del token? El front necesita saber si lo manda o se infiere | | 754 | Taxonomía de codigo de error. El front solo necesita distinguir error de campo / regla de negocio / fallo técnico | | 981 | ¿Cómo pasa un token de plataforma el tenant a /config/? /platform/t/{tenantId}/console/ o cabecera X-Tenant-Id con aud: platform | | 1171 | ¿El batch emite DEGRADADO y SIN_PERMISO? Si el catálogo ya viene filtrado por rol, un panel sin permiso no llegaría nunca — pero C5 existe como pantalla |","• Las cinco marcas # PREGUNTA: desaparecen del yaml, reemplazadas por la decisión escrita.
• La 1171 en particular determina qué estados tiene que renderizar F2.1–F2.3.",parcial,si,,equipo:backend fase:0 estado:parcial nueva
B0.10,Backend · Fase 0 — Fundamentos e infraestructura,Backend,0,Fundamentos e infraestructura,Endpoint de login,"tareas-front-back.md pide en F0.5 «login → guardar JWT → redirigir», y ninguna tarea de backend lo expone. B0.3 define el JWT pero no la ruta que lo emite.","• Existe POST /api/v1/auth/login (o la ruta que el backend decida) declarado en el yaml, con su forma de request y de respuesta.
• Declara qué pasa con credenciales inválidas y con cuenta bloqueada, con codigo estable.
• El front puede implementar F0.5 sin inventar la forma del request.",pendiente,si,,equipo:backend fase:0 estado:pendiente nueva
B1.1,Backend · Fase 1 — API de consola,Backend,1,API de consola,GET /config/me,"Contexto de arranque: user (con capacidades y preferencias), tenant, role (con puedeAprobar), tabs sin paneles, periodos, catalogVersion, alcance y —si hay más de uno— layouts.","• Las pestañas llegan ya filtradas por el rol del token y en su orden.
• Cada Periodo declara su grano (dia | semana | mes): sin él el front sabe que una métrica es mensual pero no si 2026-W32 es una semana.
• No incluye paneles: pedirlos es GET /config/tabs/{tabId}.
• Con alcance: plataforma incluye tenantsDisponibles; con usuario, no.",parcial,no,,equipo:backend fase:1 estado:parcial bloqueada
B1.2,Backend · Fase 1 — API de consola,Backend,1,API de consola,GET /config/catalog,Las métricas del tenant filtradas por el rol del token.,"• Una métrica oculta para el rol no aparece, ni siquiera con estado restringido: ocultar no es permitir, pero tampoco es mostrar el nombre.
• Cada métrica trae base obligatorio (ver D6), familia, forma, capa, fuente, ventana, granoMinimo, dimensiones y catalogVersion.
• direccionSemantica viene solo en las compuestas, y es la frase que se pinta.",hecho,no,,equipo:backend fase:1 estado:hecho
B1.3,Backend · Fase 1 — API de consola,Backend,1,API de consola,GET /config/blocks,"La tabla tipo ↔ formas aceptadas ↔ rangos de colSpan y rowSpan, para los 15 tipos.","• Los 15 tipos están, incluidos los que ninguna métrica usa hoy (comparison, matrix, graph): el builder los ofrece.
• El front la consume con catalog/blocks.ts, que ya está escrito, sin reescribir la tabla del lado del cliente.",hecho,no,,equipo:backend fase:1 estado:hecho
B1.4,Backend · Fase 1 — API de consola,Backend,1,API de consola,PUT /config/me/preferencias,Persistir el tema del usuario.,"• El tema se guarda contra el perfil, no contra el tenant ni el navegador: §2.4 lo declara preferencia de usuario, y la misma cuenta se ve igual en dos máquinas.
• El valor inicial vuelve en /config/me → user.preferencias.tema.",hecho,no,,equipo:backend fase:1 estado:hecho
B1.5,Backend · Fase 1 — API de consola,Backend,1,API de consola,GET /config/tabs/{tabId},"{ tab, panels[] } — el layout, sin datos. Acepta ?layoutId= para multi-dashboard.","• Un tabId que no pertenece al tenant y rol del token devuelve 404, no 403: no se revela la existencia.
• La respuesta no contiene una sola cifra: cambiar de período no la invalida.
• Cada panel trae id, tipo, metricId, colStart, colSpan, rowSpan y opciones?.",hecho,no,,equipo:backend fase:1 estado:hecho
B1.6,Backend · Fase 1 — API de consola,Backend,1,API de consola,POST /config/panels:batch,"Un request por pestaña, no uno por panel. Body { panelIds, periodo } → { [panelId]: Payload }.","• Fallo parcial: un panel que no resuelve llega con estado: ERROR y el resto vuelve normal. No se falla el batch entero.
• Ocho paneles se resuelven en una llamada.
• No devuelve payload de una métrica oculta para el rol (B1.9).",parcial,no,,equipo:backend fase:1 estado:parcial bloqueada
B1.7,Backend · Fase 1 — API de consola,Backend,1,API de consola,Resolver el layout publicado,"La resolución que ocurre antes de responder: tomar el layout publicado, filtrar pestañas y paneles por rol, aplicar overrides.","• El front recibe solo lo resuelto y no aplica ningún filtro.
• Una métrica oculta no llega ni en tabs, ni en catalog, ni en batch.
• Un rol con override ve su composición propia sin huecos en la grilla.",pendiente,no,,equipo:backend fase:1 estado:pendiente
B1.8,Backend · Fase 1 — API de consola,Backend,1,API de consola,Filtrar pestañas por visibilidad de rol,"La resolución que ocurre antes de responder: tomar el layout publicado, filtrar pestañas y paneles por rol, aplicar overrides.","• El front recibe solo lo resuelto y no aplica ningún filtro.
• Una métrica oculta no llega ni en tabs, ni en catalog, ni en batch.
• Un rol con override ve su composición propia sin huecos en la grilla.",pendiente,no,,equipo:backend fase:1 estado:pendiente
B1.9,Backend · Fase 1 — API de consola,Backend,1,API de consola,Filtrar paneles por hiddenMetricIds — ocultar ≠ permitir,"La resolución que ocurre antes de responder: tomar el layout publicado, filtrar pestañas y paneles por rol, aplicar overrides.","• El front recibe solo lo resuelto y no aplica ningún filtro.
• Una métrica oculta no llega ni en tabs, ni en catalog, ni en batch.
• Un rol con override ve su composición propia sin huecos en la grilla.",pendiente,no,,equipo:backend fase:1 estado:pendiente
B1.10,Backend · Fase 1 — API de consola,Backend,1,API de consola,Aplicar layoutOverrides por rol,"La resolución que ocurre antes de responder: tomar el layout publicado, filtrar pestañas y paneles por rol, aplicar overrides.","• El front recibe solo lo resuelto y no aplica ningún filtro.
• Una métrica oculta no llega ni en tabs, ni en catalog, ni en batch.
• Un rol con override ve su composición propia sin huecos en la grilla.",pendiente,no,,equipo:backend fase:1 estado:pendiente
B1.11,Backend · Fase 1 — API de consola,Backend,1,API de consola,Unión discriminada de Payload,"Cinco estados por estado: DISPONIBLE, DEGRADADO, BLOQUEADO, SIN_PERMISO, ERROR.","• BLOQUEADO no lleva valor. Es estructural, no una convención.
• Ningún estado lleva campos de otro.
• CARGANDO no existe del lado del servidor: es del cliente.",pendiente,no,,equipo:backend fase:1 estado:pendiente
B1.12,Backend · Fase 1 — API de consola,Backend,1,API de consola,Gobierno obligatorio en DISPONIBLE y DEGRADADO,"base, capa, fuente, frescura, catalogVersion intersectados en los dos estados que muestran número.","• Un valor sin procedencia es imposible de construir en el tipo, no algo que se recuerde poner.
• frescura es ISO 8601 y refleja cuándo se materializó, no «ahora» (B2.10).",hecho,no,,equipo:backend fase:1 estado:hecho
B1.13,Backend · Fase 1 — API de consola,Backend,1,API de consola,Presentacion opcional,"Los rótulos y cifras de apoyo que el panel pinta alrededor del valor: label, medidor, comparativo, nota. Viajan con el dato, no con el layout, porque dependen del período.","• El backend devuelve los rótulos ya redactados; el front no los compone.
• label lleva la unidad («USD · TOTAL»), y por eso la cifra grande no la lleva pegada: a 44px «USD 4.28M» no entra en un panel de colSpan 3.",parcial,no,,equipo:backend fase:1 estado:parcial bloqueada
B1.14,Backend · Fase 1 — API de consola,Backend,1,API de consola,Transformar a las formas de Valor,"Las 11 formas que el contrato ya declara, con las reglas mínimas de §8 del documento.","• escalarConIntervalo y serieConBanda traen lo, hi y nivel obligatorios: prohibida la estimación puntual sin intervalo.
• composicion trae porcentaje calculado por el backend, y suma 100.
• ranking trae posicion ≥ 1.
• prosa trae pilares como objetos, nunca cadenas parseables.
• tabular declara por columna si es numérica, con decimales y unidad.",pendiente,no,,equipo:backend fase:1 estado:pendiente bloqueada
B1.15,Backend · Fase 1 — API de consola,Backend,1,API de consola,Validar reglas mínimas por forma antes de enviar,,"• Un panel gauge sin maximo en opciones no se sirve como DISPONIBLE.
• Una serieTemporal con cero puntos llega como DISPONIBLE con vacioRazon y vacioDesbloqueaCon, no como un array vacío: §8 pide que el vacío sea invitación a actuar, y un array vacío no alcanza para escribir «el período cierra el 1 de septiembre».",pendiente,no,,equipo:backend fase:1 estado:pendiente bloqueada
B1.16,Backend · Fase 1 — API de consola,Backend,1,API de consola,"Seed de demo: 1 tenant, 1 layout, 1 pestaña, 4–6 paneles",B1.16 pide datos de demo. Esto pide que sean estables: el front necesita que la misma llamada devuelva lo mismo para poder escribir pruebas de integración contra HTTP.,"• Un script recrea el seed de cero.
• Con el seed cargado, panels:batch devuelve los mismos valores en dos corridas.
• El seed cubre al menos un panel por cada estado: DISPONIBLE, DEGRADADO, BLOQUEADO, ERROR. Sin eso, F2.1–F2.4 no se pueden probar contra el backend.",parcial,no,,equipo:backend fase:1 estado:parcial bloqueada
B1.20,Backend · Fase 1 — API de consola,Backend,1,API de consola,Seed determinista para desarrollo del front,B1.16 pide datos de demo. Esto pide que sean estables: el front necesita que la misma llamada devuelva lo mismo para poder escribir pruebas de integración contra HTTP.,"• Un script recrea el seed de cero.
• Con el seed cargado, panels:batch devuelve los mismos valores en dos corridas.
• El seed cubre al menos un panel por cada estado: DISPONIBLE, DEGRADADO, BLOQUEADO, ERROR. Sin eso, F2.1–F2.4 no se pueden probar contra el backend.",pendiente,si,,equipo:backend fase:1 estado:pendiente nueva
B1.21,Backend · Fase 1 — API de consola,Backend,1,API de consola,Declarar los mínimos de datos por gráfico,"D2: los gráficos dependen de los datos, y hay que establecer los datos mínimos para construir el gráfico. contracts/synapse-plots.js declara hoy formas, soportaBanda y tope —el límite superior— pero no declara mínimos, así que nada impide que un gráfico reciba menos datos de los que necesita y dibuje algo que engaña. Va en Fase 1 y no en Fase 4 porque sirve ya, aun con un solo gráfico por tipo: hoy bars puede recibir un ítem y dibujar una barra sola.","• Cada entrada del repertorio declara minimos con su razón, no solo un número: la razón es lo que se muestra en pantalla.
• Se expone en GET /config/plots, con la misma forma con la que /config/blocks expone la tabla de bloques.
• Los mínimos son verificables contra el fixture: una serie de un punto, una composición de una parte y un ranking de dos ítems disparan el estado vacío con su razón.
• La tabla vive en un solo lugar y la consumen los tres que validan: el builder, layouts/{id}/validate y el adaptador del front.",pendiente,si,,equipo:backend fase:1 estado:pendiente nueva bloqueada
B1.17,Backend · Fase 1 — API de consola,Backend,1,API de consola,Modelo Metrica,,"• El catálogo declara granoMinimo por métrica: el período más fino que puede contestar.
• Una métrica cuyo insumo está en SILVER no declara GOLD: la compuesta hereda la peor capa.
• Cambiar el catálogo incrementa catalogVersion, y ese número viaja en cada payload.",pendiente,no,,equipo:backend fase:1 estado:pendiente bloqueada
B1.18,Backend · Fase 1 — API de consola,Backend,1,API de consola,Sincronizar el catálogo con las semantic views de Snowflake,,"• El catálogo declara granoMinimo por métrica: el período más fino que puede contestar.
• Una métrica cuyo insumo está en SILVER no declara GOLD: la compuesta hereda la peor capa.
• Cambiar el catálogo incrementa catalogVersion, y ese número viaja en cada payload.",pendiente,no,,equipo:backend fase:1 estado:pendiente bloqueada
B1.19,Backend · Fase 1 — API de consola,Backend,1,API de consola,Filtrar el catálogo por permisos de rol,,"• El catálogo declara granoMinimo por métrica: el período más fino que puede contestar.
• Una métrica cuyo insumo está en SILVER no declara GOLD: la compuesta hereda la peor capa.
• Cambiar el catálogo incrementa catalogVersion, y ese número viaja en cada payload.",pendiente,no,,equipo:backend fase:1 estado:pendiente bloqueada
B1.22,Backend · Fase 1 — API de consola,Backend,1,API de consola,Crear el catálogo de métricas en Snowflake,"Los tres objetos en el mismo db.schema que tiene configurado el agente del tenant —para UA MX, DB_BT_UA.BT_UA_MART_ANALYTICS—, más el grant de lectura para el rol del agente. DD_METRIC_CURATION es una tabla y lleva lo editorial; SYNAPSE_METRIC_CATALOG es la vista que el backend lee, con las once columnas de su SELECT y esos nombres exactos; SYNAPSE_METRIC_CATALOG_ISSUES lista lo que está mal con su razón. Son tres y no uno porque INFORMATION_SCHEMA.SEMANTIC_METRICS da nombre, expresión y tipo de dato, y ningún campo de gobierno: esos son editoriales y necesitan dónde escribirse. Y la tercera existe porque Snowflake no hace cumplir un CHECK, así que los enumerados cerrados se verifican o no se verifican. Guía: docs/snowflake/INSTRUCCION-ALTA-TENANT.md §4 paso 1 y paso 4 · el SQL listo para correr en docs/snowflake/SYNAPSE_METRIC_CATALOG.sql secciones 1 a 3.","• SELECT  FROM SYNAPSE_METRIC_CATALOG devuelve filas desde el db.schema del agente, no desde una ruta fija: el backend califica la vista con lo que dice agents, y una vista en el schema equivocado no se encuentra.
• SHOW GRANTS ON VIEW SYNAPSE_METRIC_CATALOG muestra SELECT para el rol de tenants.snowflake_role. Sin esto sync-catalog falla con un error de permisos que no dice qué falta.
• Las once columnas salen con los nombres que el SELECT de Go espera. Una renombrada hace fallar la sincronización entera, no una métrica.
• La vista de issues NO filtra la vista principal. Un catálogo que se arregla descartando en silencio la fila mala hace que la métrica desaparezca del dashboard sin que nadie sepa por qué.",parcial,si,,equipo:backend fase:1 estado:parcial nueva
B1.23,Backend · Fase 1 — API de consola,Backend,1,API de consola,Escribir el gobierno de las métricas,"La semilla deja las filas con BASE, MEASUREMENT_WINDOW y SOURCE marcados ⟨REVISAR⟩. Son texto que se pinta literal en pantalla, así que se redactan, no se generan. También hay que revisar FAMILY —de ahí sale el color de cada serie— y SEMANTIC_DIRECTION, que se propusieron desde la expresión SQL. Van con marcador y no con un valor plausible por una razón: una BASE inventada se lee bien y miente, y nadie la audita después. Guía: docs/snowflake/INSTRUCCION-ALTA-TENANT.md §4 paso 2 · la semilla con los campos marcados ⟨REVISAR⟩ está en docs/snowflake/SYNAPSE_METRIC_CATALOG.sql sección 4.","• SELECT  FROM SYNAPSE_METRIC_CATALOG_ISSUES devuelve cero filas. Mientras devuelva algo, dice qué métrica y por qué.
• Ninguna fila activa conserva el marcador ⟨REVISAR⟩ en los tres campos.
• BASE declara un denominador, no una descripción: «312 SKU críticos sobre 18.240 activos» y no «ventas del período».
• MEASUREMENT_WINDOW declara el período que mide la métrica, no el de la consulta. Son cosas distintas y confundirlas es el bug.
• FAMILY cae en las cinco que tienen rampa de color. Una sexta pinta la serie sin color y no falla: es el mismo modo de silencio que una utilidad que nombra un token inexistente.
• Cada fila lleva CURATED_BY: un campo de gobierno sin quién lo firmó no es auditable, que es justamente lo que estos campos existen para sostener.",pendiente,si,,equipo:backend fase:1 estado:pendiente nueva
B1.24,Backend · Fase 1 — API de consola,Backend,1,API de consola,Alinear las claves del catálogo con el registro de queries,"METRIC_KEY no es un nombre libre. El materializador tiene doce queries en un mapa de Go (MetricRegistry) y las busca por esa clave, con un mapa de alias en snowflake/keys.go como único puente. Es el paso que se rompe en silencio: una clave que no está en el mapa sincroniza bien, compone bien, y después sale BLOQUEADO sin que nada explique por qué. Es el mismo modo de falla que el spread condicional con una prop mal escrita, tres capas más abajo. Guía: docs/snowflake/INSTRUCCION-ALTA-TENANT.md §4 paso 3, que trae la tabla de las doce claves y los ocho alias · el porqué, en docs/snowflake/CONTRATO-DE-TENANT.md.","• Toda METRIC_KEY activa resuelve a una entrada de MetricRegistry, directo o por alias. Verificado corriendo el materializador, no leyendo las dos listas.
• Una clave nueva entra con su alias en keys.go en la misma jugada. Las dos mitades se mueven juntas o no se mueven.
• exec_resumen y month_decisions no se curan todavía: el materializador ya las trae con Blocked: true y la razón escrita —«Requires BT_UA_DECISION_LOG actionable framework»—. Curarlas publicaría dos paneles que solo pueden salir bloqueados.
• Queda escrito que las claves de SV_SYNAPSE_UA_ANALYTICS no sirven: el materializador no lee la capa semántica, lee las tablas Gold directo. Es el error que ya se cometió una vez al escribir la primera semilla.",pendiente,si,,equipo:backend fase:1 estado:pendiente nueva
B1.25,Backend · Fase 1 — API de consola,Backend,1,API de consola,ventana de punta a punta · de la vista al payload,"Lo único de este bloque que es código y no Snowflake, y es de una línea en dos lugares: agregar MEASUREMENT_WINDOW al SELECT de dd_catalog_sync_service.go, y el campo a DDCatalogMetric para que salga por GET /config/catalog. Sin esto la consola no se puede entregar. PanelShell pinta Base · {base} · {ventana} en la cabecera de todos los paneles y en todos sus estados —es shell, no cuerpo, así que no se reemplaza nunca— y el template literal imprime la cadena undefined, no un hueco. Guía: docs/snowflake/INSTRUCCION-ALTA-TENANT.md §4 paso 5.","• GET /config/catalog devuelve el campo para cada métrica.
• Ningún panel de la consola muestra undefined en la línea de BASE, en ninguno de los siete estados.
• La columna se llama MEASUREMENT_WINDOW y no WINDOW: WINDOW es reservada en ANSI y obligaría a citarla en la vista, en el SELECT de Go y en cada consulta a mano. Si se prefiere WINDOW, se decide antes de escribir el campo, no después.
• El front lo consume por el adaptador de F1.33 sin lógica nueva: es un renombre, no un cálculo.",parcial,si,,equipo:backend fase:1 estado:parcial nueva bloqueada
B1.27,Backend · Fase 1 — API de consola,Backend,1,API de consola,El período declara si está cerrado,"El catálogo vive en Snowflake y el registro de queries en Go: dos mitades del mismo hecho, en dos lugares, que se pueden separar sin que nadie se entere. El puente es el mapa de alias de keys.go, escrito a mano. Un tenant cuyo catálogo declare ventas no tiene alias, no encuentra query, y la métrica sale bloqueada. Con un tenant se sostiene; con el segundo deja de sostenerse. A · contrato de forma: todo tenant expone dos objetos con las quince columnas, vía una vista que renombre lo que ya tenga. Barato y rígido — sin BUDGET_TARGET no hay goal_attainment. B · el registro pasa a ser dato: MetricRegistry sale de Go a una tabla por tenant. Caro y flexible — la clave del catálogo es la del registro y el alias desaparece. Guía: docs/snowflake/CONTRATO-DE-TENANT.md §7 y docs/snowflake/INSTRUCCION-ALTA-TENANT.md §7, con los dos caminos y su costo.","• La decisión queda escrita con su razón, no elegida por omisión al dar de alta el segundo tenant.
• Si se elige A, B queda declarado como destino y con fecha. A sin fecha para B es cómo el mapa de alias termina con cuarenta entradas.
• Si se elige A, queda escrito qué pasa con un tenant al que le falta una columna: hoy el panel sale bloqueado sin razón, y §8 pide estado, razón y qué lo desbloquea.
• La decisión nombra quién es dueño de la vista por tenant: hoy sync-catalog asume que existe y falla sin decir que falta.",parcial,si,,equipo:backend fase:1 estado:parcial nueva bloqueada
B1.26,Backend · Fase 1 — API de consola,Backend,1,API de consola,"Decidir cómo escala el registro, antes del segundo tenant","El catálogo vive en Snowflake y el registro de queries en Go: dos mitades del mismo hecho, en dos lugares, que se pueden separar sin que nadie se entere. El puente es el mapa de alias de keys.go, escrito a mano. Un tenant cuyo catálogo declare ventas no tiene alias, no encuentra query, y la métrica sale bloqueada. Con un tenant se sostiene; con el segundo deja de sostenerse. A · contrato de forma: todo tenant expone dos objetos con las quince columnas, vía una vista que renombre lo que ya tenga. Barato y rígido — sin BUDGET_TARGET no hay goal_attainment. B · el registro pasa a ser dato: MetricRegistry sale de Go a una tabla por tenant. Caro y flexible — la clave del catálogo es la del registro y el alias desaparece. Guía: docs/snowflake/CONTRATO-DE-TENANT.md §7 y docs/snowflake/INSTRUCCION-ALTA-TENANT.md §7, con los dos caminos y su costo.","• La decisión queda escrita con su razón, no elegida por omisión al dar de alta el segundo tenant.
• Si se elige A, B queda declarado como destino y con fecha. A sin fecha para B es cómo el mapa de alias termina con cuarenta entradas.
• Si se elige A, queda escrito qué pasa con un tenant al que le falta una columna: hoy el panel sale bloqueado sin razón, y §8 pide estado, razón y qué lo desbloquea.
• La decisión nombra quién es dueño de la vista por tenant: hoy sync-catalog asume que existe y falla sin decir que falta.",pendiente,si,,equipo:backend fase:1 estado:pendiente nueva
B2.1,Backend · Fase 2 — Materialización y cache,Backend,2,Materialización y cache,Tabla panel_data,"El snapshot materializado con gobierno completo por (tenant_id, metric_id, periodo). Es la fuente del batch y sobrevive reinicios.","• Guarda el Valor ya transformado a su forma, no el resultado crudo de la query.
• Guarda frescura como el instante de materialización.
• Se puede auditar: qué había en un panel el mes pasado es consultable.",pendiente,no,,equipo:backend fase:2 estado:pendiente
B2.2,Backend · Fase 2 — Materialización y cache,Backend,2,Materialización y cache,Job de materialización,"Por cada tenant × métrica × período activo: consultar Snowflake o el semantic layer, transformar a Valor + Gobierno + Presentacion, escribir en panel_data.","• Un dashboard de 30 paneles no dispara 30 queries a Snowflake al cargar la página: el batch lee cache.
• El job es idempotente: correrlo dos veces sobre el mismo período no duplica.
• Un fallo en una métrica no aborta el resto del job.",pendiente,no,,equipo:backend fase:2 estado:pendiente
B2.3,Backend · Fase 2 — Materialización y cache,Backend,2,Materialización y cache,"El batch lee de panel_data, no de Snowflake",,"• batch → Redis hit? → return · miss → Postgres → populate → return.
• Redis no es fuente de verdad. Vaciarlo no pierde datos: los repuebla desde Postgres.
• TTL corto, 5–15 minutos.",pendiente,no,,equipo:backend fase:2 estado:pendiente
B2.4,Backend · Fase 2 — Materialización y cache,Backend,2,Materialización y cache,Redis opcional encima de Postgres,,"• batch → Redis hit? → return · miss → Postgres → populate → return.
• Redis no es fuente de verdad. Vaciarlo no pierde datos: los repuebla desde Postgres.
• TTL corto, 5–15 minutos.",pendiente,no,,equipo:backend fase:2 estado:pendiente
B2.5,Backend · Fase 2 — Materialización y cache,Backend,2,Materialización y cache,Estado DEGRADADO,"Si frescura > cadencia × tolerancia, el panel se marca degradado con razon y desbloqueaCon.","• El backend decide, no el front: nuevo-desarrollo.md §1.3 dice que el front no calcula degradación.
• DEGRADADO sí lleva valor: muestra la cifra y declara la limitación. No es un estado sin dato.
• La cadencia y la tolerancia son configurables por métrica, no una constante.",hecho,no,,equipo:backend fase:2 estado:hecho
B2.6,Backend · Fase 2 — Materialización y cache,Backend,2,Materialización y cache,Estado BLOQUEADO,,"• Job fallido o precondición incumplida → sin valor, con razon y desbloqueaCon.
• No se inventa un número aproximado. §8 de design.md: si un feed está vencido, el panel muestra estado, razón y qué lo desbloquea.",pendiente,no,,equipo:backend fase:2 estado:pendiente
B2.7,Backend · Fase 2 — Materialización y cache,Backend,2,Materialización y cache,Estado SIN_PERMISO en el batch,,"• Publicar un layout deja de servir el anterior en la siguiente request.
• Un panel recién materializado se ve con su frescura nueva sin esperar el TTL.
• Un rol sin permiso sobre una métrica no recibe su payload aunque conozca el panelId.",pendiente,no,B0.9 (línea 1171),equipo:backend fase:2 estado:pendiente bloqueada
B2.8,Backend · Fase 2 — Materialización y cache,Backend,2,Materialización y cache,Invalidar cache al publicar layout,,"• Publicar un layout deja de servir el anterior en la siguiente request.
• Un panel recién materializado se ve con su frescura nueva sin esperar el TTL.
• Un rol sin permiso sobre una métrica no recibe su payload aunque conozca el panelId.",pendiente,no,,equipo:backend fase:2 estado:pendiente
B2.9,Backend · Fase 2 — Materialización y cache,Backend,2,Materialización y cache,Invalidar cache al completar materialización,,"• Publicar un layout deja de servir el anterior en la siguiente request.
• Un panel recién materializado se ve con su frescura nueva sin esperar el TTL.
• Un rol sin permiso sobre una métrica no recibe su payload aunque conozca el panelId.",pendiente,no,,equipo:backend fase:2 estado:pendiente
B2.10,Backend · Fase 2 — Materialización y cache,Backend,2,Materialización y cache,"frescura = instante de materialización, nunca «ahora»",,"• Publicar un layout deja de servir el anterior en la siguiente request.
• Un panel recién materializado se ve con su frescura nueva sin esperar el TTL.
• Un rol sin permiso sobre una métrica no recibe su payload aunque conozca el panelId.",pendiente,no,,equipo:backend fase:2 estado:pendiente
B2.11,Backend · Fase 2 — Materialización y cache,Backend,2,Materialización y cache,Filtrado por rol también en el batch,,"• Publicar un layout deja de servir el anterior en la siguiente request.
• Un panel recién materializado se ve con su frescura nueva sin esperar el TTL.
• Un rol sin permiso sobre una métrica no recibe su payload aunque conozca el panelId.",pendiente,no,,equipo:backend fase:2 estado:pendiente
B2.12,Backend · Fase 2 — Materialización y cache,Backend,2,Materialización y cache,Correr el materializador contra datos reales y verificar los seis estados,"Con el catálogo ya en Snowflake (B1.22–B1.24), correr make materialize TENANT_ID=<uuid> PERIOD=<YYYY-MM> y comprobar que la consola pinta datos del negocio y no los del fixture del seed. Es la primera vez que el camino completo se ejercita de punta a punta: vista → sync-catalog → dd_catalog_metrics → materialize → dd_panel_data → panels:batch → panel. Guía: docs/snowflake/INSTRUCCION-ALTA-TENANT.md §5, la verificación de punta a punta.","• POST /config/panels:batch devuelve AVAILABLE con valores distintos a los del fixture. Que conteste 200 no alcanza: el seed también contesta 200.
• Si llegan todos en BLOCKED, es B1.24 —las claves no caen en el registro— y no un problema de datos. Queda escrito, porque el síntoma no lo dice.
• Los seis estados se verifican contra el servicio real y no contra MSW: DEGRADED envejeciendo materialized_at en la base, BLOCKED pidiendo un período sin materializar, FORBIDDEN con el rol planner, ERROR con un gauge sin maximum.
• Las nueve formas que el transformador produce se ven en pantalla al menos una vez. Las siete que no produce quedan anotadas como no alcanzables, con la razón: no es un panel roto, es una forma que el backend no materializa.
• Queda registrado contra qué commit del backend y con qué período se verificó. Un «funcionó» sin eso no se puede repetir.",pendiente,si,,equipo:backend fase:2 estado:pendiente nueva
B2.13,Backend · Fase 2 — Materialización y cache,Backend,2,Materialización y cache,Salud de feeds por fuente · de acá sale el ESTADO de cada métrica,"Exponer la salud de las fuentes de datos del tenant, que hoy no sale por ninguna ruta.","• Por fuente: identificador legible, última carga, frescura, cadencia y tolerancia. Sin vocabulario de infraestructura · §7.3.
• La frescura es el instante de materialización, nunca «ahora» · misma regla que B2.10.
• El front deriva el estado y el backend no lo manda: un estado guardado y una frescura real son dos fuentes del mismo hecho.",pendiente,si,,equipo:backend fase:2 estado:pendiente nueva bloqueada
B3.1,Backend · Fase 3 — Chat contextual,Backend,3,Chat contextual,POST /config/chat con SSE,"Body { pregunta, contextoPanel, periodo, hiloId? }, respuesta por Server-Sent Events.","• Emite los eventos en orden: pensando → fragmento → dato → sql → fin, y error en cualquier punto.
• El esquema EventoDeChat del yaml ya declara la unión; se respeta.
• Una conexión cortada por el cliente no deja la query colgada.",pendiente,no,,equipo:backend fase:3 estado:pendiente bloqueada
B3.2,Backend · Fase 3 — Chat contextual,Backend,3,Chat contextual,GET /config/chat/hilos — historial,,"• El historial es del usuario y del tenant; nunca cruza tenants.
• Un hilo guarda el contexto de panel con el que se abrió.",pendiente,no,,equipo:backend fase:3 estado:pendiente
B3.10,Backend · Fase 3 — Chat contextual,Backend,3,Chat contextual,Persistir hilos y mensajes en Postgres,,"• El historial es del usuario y del tenant; nunca cruza tenants.
• Un hilo guarda el contexto de panel con el que se abrió.",pendiente,no,,equipo:backend fase:3 estado:pendiente
B3.3,Backend · Fase 3 — Chat contextual,Backend,3,Chat contextual,Modelo AgenteTenant,"snowflakeAccount, warehouse, semanticViews[], systemPromptBase. El front solo conoce que existe un tenant; el backend resuelve el agente.","• Cada tenant puede tener semantic views, vocabulario y restricciones distintas.
• El front nunca recibe la configuración del agente ni la lista de vistas.",pendiente,no,,equipo:backend fase:3 estado:pendiente
B3.4,Backend · Fase 3 — Chat contextual,Backend,3,Chat contextual,Resolver el agente del tenant desde el JWT,"snowflakeAccount, warehouse, semanticViews[], systemPromptBase. El front solo conoce que existe un tenant; el backend resuelve el agente.","• Cada tenant puede tener semantic views, vocabulario y restricciones distintas.
• El front nunca recibe la configuración del agente ni la lista de vistas.",pendiente,no,,equipo:backend fase:3 estado:pendiente
B3.5,Backend · Fase 3 — Chat contextual,Backend,3,Chat contextual,Inyectar ContextoDePanel en el system prompt,,"• El agente recibe el contexto de la métrica: metricId, metricKey, nombre, base, fuente, capa, familia, periodo, tipo.
• No recibe el SQL del panel. El panel se ancla a un metricId, y el agente también.",pendiente,no,,equipo:backend fase:3 estado:pendiente
B3.6,Backend · Fase 3 — Chat contextual,Backend,3,Chat contextual,Consulta a Snowflake en vivo para el chat,"El chat sí puede ir en vivo: es una consulta puntual iniciada por el usuario, no un dashboard entero.","• Solo contra las semantic views aprobadas del tenant.
• Con timeout y con tope de filas declarados.",pendiente,no,,equipo:backend fase:3 estado:pendiente
B3.7,Backend · Fase 3 — Chat contextual,Backend,3,Chat contextual,Formato de eventos SSE acordado con el front (T3),,"• Cuando el agente devuelve un dato estructurado, viene con la misma unión Valor + Gobierno que un panel, para que el front lo dibuje con el mismo cuerpo. Es un solo modelo de datos, no dos.",pendiente,no,,equipo:backend fase:3 estado:pendiente
B3.8,Backend · Fase 3 — Chat contextual,Backend,3,Chat contextual,"La respuesta puede incluir { forma, datos, procedencia }",,"• Cuando el agente devuelve un dato estructurado, viene con la misma unión Valor + Gobierno que un panel, para que el front lo dibuje con el mismo cuerpo. Es un solo modelo de datos, no dos.",pendiente,no,,equipo:backend fase:3 estado:pendiente
B3.9,Backend · Fase 3 — Chat contextual,Backend,3,Chat contextual,CRUD /admin/tenants/{id}/agents,"El superadmin configura el agente de cada tenant: cuenta, warehouse, vistas semánticas permitidas y prompt base.","• Solo accesible con aud: platform.
• La credencial no se edita acá: se referencia por identificador del gestor de secretos (B0.8), y ninguna respuesta la incluye.
• Cambiar las vistas permitidas surte efecto en la siguiente pregunta, sin reiniciar el servicio.",pendiente,no,,equipo:backend fase:3 estado:pendiente bloqueada
B3.11,Backend · Fase 3 — Chat contextual,Backend,3,Chat contextual,Aplicar las migraciones de 82da946 sobre la base compartida,"Aplicar las columnas que el commit escribe, y el índice. La tabla va ARRIBA de Descripción a propósito. para-backend.py corta el bloque en ","• La consulta del mensaje sobre information_schema devuelve las nueve columnas, las tres tablas incluidas. La corremos nosotros, contra la base compartida y con fecha: el aviso de que se corrieron no alcanza para cerrarla.
• El índice único existe, o hay una razón escrita de por qué no. El código de ellos no lo crea si encuentra duplicados y lo avisa por log, así que su ausencia no es necesariamente un error.
• POST /config/chat contra el servicio con panel_context guarda el hilo, y GET /config/chat/threads lo devuelve con su panel y su período.",pendiente,si,,equipo:backend fase:3 estado:pendiente nueva bloqueada
B4.1,Backend · Fase 4 — Admin y Builder,Backend,4,Admin y Builder,GET /admin/tenants,,"• Solo accesibles con aud: platform; con token de usuario devuelven 403.
• Publicar genera versionId, sella publishedAt, registra quién publicó e invalida la cache del tenant.
• Editar nunca muta la versión publicada.",parcial,no,,equipo:backend fase:4 estado:parcial bloqueada
B4.2,Backend · Fase 4 — Admin y Builder,Backend,4,Admin y Builder,GET /admin/tenants/{id}/layouts,,"• Solo accesibles con aud: platform; con token de usuario devuelven 403.
• Publicar genera versionId, sella publishedAt, registra quién publicó e invalida la cache del tenant.
• Editar nunca muta la versión publicada.",parcial,no,,equipo:backend fase:4 estado:parcial bloqueada
B4.3,Backend · Fase 4 — Admin y Builder,Backend,4,Admin y Builder,POST /admin/tenants/{id}/layouts — crear borrador,,"• Solo accesibles con aud: platform; con token de usuario devuelven 403.
• Publicar genera versionId, sella publishedAt, registra quién publicó e invalida la cache del tenant.
• Editar nunca muta la versión publicada.",pendiente,no,,equipo:backend fase:4 estado:pendiente
B4.4,Backend · Fase 4 — Admin y Builder,Backend,4,Admin y Builder,PUT /admin/layouts/{id} — editar pestañas y paneles,,"• Solo accesibles con aud: platform; con token de usuario devuelven 403.
• Publicar genera versionId, sella publishedAt, registra quién publicó e invalida la cache del tenant.
• Editar nunca muta la versión publicada.",parcial,no,,equipo:backend fase:4 estado:parcial bloqueada
B4.5,Backend · Fase 4 — Admin y Builder,Backend,4,Admin y Builder,POST /admin/layouts/{id}/publish,,"• Solo accesibles con aud: platform; con token de usuario devuelven 403.
• Publicar genera versionId, sella publishedAt, registra quién publicó e invalida la cache del tenant.
• Editar nunca muta la versión publicada.",pendiente,no,,equipo:backend fase:4 estado:pendiente
B4.7,Backend · Fase 4 — Admin y Builder,Backend,4,Admin y Builder,GET /admin/tenants/{id}/catalog,,"• Solo accesibles con aud: platform; con token de usuario devuelven 403.
• Publicar genera versionId, sella publishedAt, registra quién publicó e invalida la cache del tenant.
• Editar nunca muta la versión publicada.",pendiente,no,,equipo:backend fase:4 estado:pendiente
B4.6,Backend · Fase 4 — Admin y Builder,Backend,4,Admin y Builder,POST /admin/layouts/{id}/validate,"La validación de composición, del lado del servidor. El front la replica para dar feedback inmediato, pero el servidor es el que decide.","• Un panel gauge sobre una métrica de forma serieTemporal no publica.
• Un kpi con colSpan 8 no publica: su rango es 3–4.
• El error dice cuál panel y por qué, en la lengua del producto: «un bloque gauge no sabe dibujar la forma serieTemporal», no «validación fallida».
• La regla dura de serieConBanda se verifica: solo gráficos con banda.",pendiente,no,,equipo:backend fase:4 estado:pendiente
B4.11,Backend · Fase 4 — Admin y Builder,Backend,4,Admin y Builder,Validar que metricId existe en el catálogo del tenant,"La validación de composición, del lado del servidor. El front la replica para dar feedback inmediato, pero el servidor es el que decide.","• Un panel gauge sobre una métrica de forma serieTemporal no publica.
• Un kpi con colSpan 8 no publica: su rango es 3–4.
• El error dice cuál panel y por qué, en la lengua del producto: «un bloque gauge no sabe dibujar la forma serieTemporal», no «validación fallida».
• La regla dura de serieConBanda se verifica: solo gráficos con banda.",pendiente,no,,equipo:backend fase:4 estado:pendiente
B4.12,Backend · Fase 4 — Admin y Builder,Backend,4,Admin y Builder,Validar que tipo es compatible con la forma de la métrica,"La validación de composición, del lado del servidor. El front la replica para dar feedback inmediato, pero el servidor es el que decide.","• Un panel gauge sobre una métrica de forma serieTemporal no publica.
• Un kpi con colSpan 8 no publica: su rango es 3–4.
• El error dice cuál panel y por qué, en la lengua del producto: «un bloque gauge no sabe dibujar la forma serieTemporal», no «validación fallida».
• La regla dura de serieConBanda se verifica: solo gráficos con banda.",pendiente,no,,equipo:backend fase:4 estado:pendiente
B4.13,Backend · Fase 4 — Admin y Builder,Backend,4,Admin y Builder,Validar rangos de colSpan / rowSpan por tipo,"La validación de composición, del lado del servidor. El front la replica para dar feedback inmediato, pero el servidor es el que decide.","• Un panel gauge sobre una métrica de forma serieTemporal no publica.
• Un kpi con colSpan 8 no publica: su rango es 3–4.
• El error dice cuál panel y por qué, en la lengua del producto: «un bloque gauge no sabe dibujar la forma serieTemporal», no «validación fallida».
• La regla dura de serieConBanda se verifica: solo gráficos con banda.",pendiente,no,,equipo:backend fase:4 estado:pendiente
B4.14,Backend · Fase 4 — Admin y Builder,Backend,4,Admin y Builder,Validar opciones de layout (maximo obligatorio en gauge),"La validación de composición, del lado del servidor. El front la replica para dar feedback inmediato, pero el servidor es el que decide.","• Un panel gauge sobre una métrica de forma serieTemporal no publica.
• Un kpi con colSpan 8 no publica: su rango es 3–4.
• El error dice cuál panel y por qué, en la lengua del producto: «un bloque gauge no sabe dibujar la forma serieTemporal», no «validación fallida».
• La regla dura de serieConBanda se verifica: solo gráficos con banda.",pendiente,no,,equipo:backend fase:4 estado:pendiente
B4.15,Backend · Fase 4 — Admin y Builder,Backend,4,Admin y Builder,Rechazar la publicación si hay paneles inválidos,"La validación de composición, del lado del servidor. El front la replica para dar feedback inmediato, pero el servidor es el que decide.","• Un panel gauge sobre una métrica de forma serieTemporal no publica.
• Un kpi con colSpan 8 no publica: su rango es 3–4.
• El error dice cuál panel y por qué, en la lengua del producto: «un bloque gauge no sabe dibujar la forma serieTemporal», no «validación fallida».
• La regla dura de serieConBanda se verifica: solo gráficos con banda.",pendiente,no,,equipo:backend fase:4 estado:pendiente
B4.8,Backend · Fase 4 — Admin y Builder,Backend,4,Admin y Builder,CRUD de roles por tenant · LO IMPLEMENTA EL FRONT · 2026-09-15,,"• Las cuatro operaciones existen bajo AdminOnlyMiddleware y responden con el envelope del servicio, no con uno nuestro.
• Borrar un rol con usuarios asignados falla con razón, no en cascada.
• hidden_metric_ids sigue siendo filtro de composición y no de permiso: el servidor verifica igual, y hay una prueba que lo demuestra pidiendo una métrica oculta directamente.
• layout_overrides escrito por el CRUD se refleja en GET /config/tabs/:tabId del rol afectado sin republicar el layout.
• El fork está rebasado sobre su rama al empezar —npm run backend-drift en verde— y se vuelve a rebasar antes de proponer el código de vuelta. Un fork escrito sobre una base vieja no se puede integrar sin rehacerlo.",parcial,no,,equipo:backend fase:4 estado:parcial
B4.9,Backend · Fase 4 — Admin y Builder,Backend,4,Admin y Builder,Preview por rol · LO IMPLEMENTA EL FRONT · 2026-09-15,,"• Bajo AdminOnlyMiddleware. Un usuario de consola que la llame recibe 403.
• Reusa GetTab, no una copia: verificable porque cambiar el filtrado en un solo lugar cambia la consola y el preview a la vez.
• Para un rol con hidden_metric_ids, el preview devuelve menos paneles que para uno sin ellos, y los layout_overrides de ese rol están aplicados.
• Un roleId de otro tenant devuelve 404 y no 403: no se revela que existe, igual que GET /config/tabs/:tabId.
• Queda escrito si el preview incluye payloads o solo el layout. Con solo el layout alcanza para «CEO vs Planner», que es lo que F4.12 pide; con payloads hay que decidir qué período usa y si un panel oculto llega como SIN_PERMISO o no llega. Decidirlo antes, no durante.",parcial,no,,equipo:backend fase:4 estado:parcial
B4.10,Backend · Fase 4 — Admin y Builder,Backend,4,Admin y Builder,Asignación de layout publicado a roles,,"• Un rol declara tabIds[], hiddenMetricIds[] y layoutOverrides opcionales.
• El preview devuelve exactamente lo que ese rol vería, resuelto por el mismo código que sirve /config/me. No una simulación aparte.",pendiente,no,,equipo:backend fase:4 estado:pendiente bloqueada
B4.16,Backend · Fase 4 — Admin y Builder,Backend,4,Admin y Builder,Declarar el gráfico en el layout,"D2 lo resolvió a favor. PanelConfigurado gana plot?: PlotId. Depende de B1.21: primero los mínimos, después el campo — elegir gráfico sin saber qué necesita cada uno es multiplicar el problema, no resolverlo.","• plot es opcional: ausente ⇒ el gráfico por defecto del tipo, que es exactamente lo que se dibuja hoy. El cambio no mueve ninguna pantalla existente.
• layouts/{id}/validate verifica tres cosas contra el repertorio: compatibilidad gráfico ↔ forma, la regla dura de banda, y que la métrica pueda alcanzar los mínimos del gráfico en el grano que declara.
• Un layout con un gráfico incompatible no publica, y el error dice cuál panel y por qué.",pendiente,si,,equipo:backend fase:4 estado:pendiente nueva
B5.1,Backend · Fase 5 — Multi-dashboard y pulido,Backend,5,Multi-dashboard y pulido,Varios layouts por tenant,"Un tenant puede tener más de un dashboard publicado — «Operaciones», «Marca», «Ejecutivo»— cada uno con sus pestañas.","• Cada layout versiona por separado: publicar «Marca» no toca «Operaciones».
• /config/me devuelve layouts solo cuando el usuario tiene más de uno asignado; con uno, el campo no viaja.",pendiente,no,,equipo:backend fase:5 estado:pendiente bloqueada
B5.2,Backend · Fase 5 — Multi-dashboard y pulido,Backend,5,Multi-dashboard y pulido,"Asignar layout por rol, o dejar elegir si el usuario tiene varios",,"• El superadmin asigna qué layout ve cada rol.
• GET /config/tabs/{tabId}?layoutId= resuelve contra el layout pedido, y verifica que ese layout esté asignado al rol del token: si no, 404.",pendiente,no,,equipo:backend fase:5 estado:pendiente
B5.3,Backend · Fase 5 — Multi-dashboard y pulido,Backend,5,Multi-dashboard y pulido,Formas v1.1 cuando haya datos,"categoricaComparada, perfilMultiatributo, matriz, grafo y flujo.","• Se activan cuando exista el dato, no antes. Construir contra formas que ningún endpoint devuelve es escribir a ciegas.
• Cada una entra con su regla mínima declarada, igual que las once actuales.",pendiente,no,,equipo:backend fase:5 estado:pendiente
B5.4,Backend · Fase 5 — Multi-dashboard y pulido,Backend,5,Multi-dashboard y pulido,Endpoint de drill-down bajo demanda,"Desagregación de un panel por las dimensiones que declara su métrica, contra Snowflake en vivo — la misma figura que el chat. Estado: diferida (D3). No se descarta ni se planifica todavía; entra cuando el backend llegue a ese tramo. El contrato ya cubre la superficie que la consume, así que lo que falta es el servicio, no el diseño.","• Las dimensiones disponibles salen del catálogo de la métrica, no de una lista aparte.
• Con timeout y tope de filas declarados, igual que el chat.",diferida,no,,equipo:backend fase:5 estado:diferida
B5.5,Backend · Fase 5 — Multi-dashboard y pulido,Backend,5,Multi-dashboard y pulido,Auditoría de publicaciones de layout,,"• Queda registrado quién publicó, cuándo y qué cambió respecto de la versión anterior. Consultable desde admin.",pendiente,no,,equipo:backend fase:5 estado:pendiente
B5.6,Backend · Fase 5 — Multi-dashboard y pulido,Backend,5,Multi-dashboard y pulido,Tests de integración por endpoint de consola,,"• Cada endpoint tiene un test que verifica el envelope, el 401 sin token y el filtrado por rol.",pendiente,no,,equipo:backend fase:5 estado:pendiente
B5.7,Backend · Fase 5 — Multi-dashboard y pulido,Backend,5,Multi-dashboard y pulido,Tests del job de materialización con fixtures de Snowflake,,"• El job se prueba sin tocar Snowflake, contra respuestas fijas.
• Se cubre el camino de fallo: una métrica que falla deja BLOQUEADO con razón y no aborta el resto del job.",pendiente,no,,equipo:backend fase:5 estado:pendiente
F0.1,Front · Fase 0 — Fundamentos,Front,0,Fundamentos,Estructura de carpetas según §4,"app/, api/, tokens/, catalog/, render/, surfaces/. Se retiraron components/, features/, pages/, services/, types/, hooks/ y styles/ del andamio, que §4 reemplaza.","• El árbol coincide con §4; docs/FOLDER_STRUCTURE.md lo documenta.
• Cada subcarpeta de render/ lleva un README con su contrato.
• .cursorrules quedó reconciliado: su tabla de capas ya no contradice §4.",hecho,no,,equipo:front fase:0 estado:hecho
F0.2,Front · Fase 0 — Fundamentos,Front,0,Fundamentos,React 19 + TypeScript strict,«Strict sin excepciones» no es solo strict: true: el sistema descansa en uniones discriminadas y hay cuatro flags fuera de strict que las sostienen.,"• noUncheckedIndexedAccess, exactOptionalPropertyTypes, noImplicitOverride e isolatedModules activos. Sin el primero, panels[0] miente sobre existir.
• Cero any en props. npx tsc -b en verde.",hecho,no,,equipo:front fase:0 estado:hecho
F0.3,Front · Fase 0 — Fundamentos,Front,0,Fundamentos,TanStack Query,,"• QueryClientProvider en app/providers/AppProviders.tsx.
• Defaults declarados y justificados: refetchOnWindowFocus: false porque una consola de datos vive en una pestaña abierta todo el día y revalidar al volver al foco pedía el batch entero cada vez que alguien cambiaba de ventana.",hecho,no,,equipo:front fase:0 estado:hecho
F0.4,Front · Fase 0 — Fundamentos,Front,0,Fundamentos,"React Router: /, /admin/, /builder/","Guard de sesión y almacenamiento del token, hechos. Faltaba la pantalla de login y el POST, que no existían en el contrato.","• ✅ AuthGuard verifica que haya token, no qué permite: los permisos los aplica el backend.
• ✅ El front no decodifica el JWT: recibe todo resuelto en /config/me.
• ✅ Pantalla de login que consume el servicio de acceso y redirige al from.
• ✅ Un 401 de cualquier endpoint limpia la sesión y vuelve al login.
• password_updated: false no bloquea nada, y debería. Es F0.13. Se anotó como decisión de producto pendiente y no lo es: el OpenAPI del servicio lo declara —«si user.password_updated es false el front debe mostrar un modal bloqueante»—. El servicio entrega el token a propósito; el bloqueo es nuestro.
• El usuario que devuelve el login NO se guarda. Trae nombre, rol y tenant, y es tentador usarlo para pintar el navbar sin esperar a /config/me. Sería una segunda fuente de verdad que se desincroniza en cuanto alguien cambie de rol. Hay una prueba que lo fija.",hecho,no,,equipo:front fase:0 estado:hecho
F0.5,Front · Fase 0 — Fundamentos,Front,0,Fundamentos,Auth guard,"Guard de sesión y almacenamiento del token, hechos. Faltaba la pantalla de login y el POST, que no existían en el contrato.","• ✅ AuthGuard verifica que haya token, no qué permite: los permisos los aplica el backend.
• ✅ El front no decodifica el JWT: recibe todo resuelto en /config/me.
• ✅ Pantalla de login que consume el servicio de acceso y redirige al from.
• ✅ Un 401 de cualquier endpoint limpia la sesión y vuelve al login.
• password_updated: false no bloquea nada, y debería. Es F0.13. Se anotó como decisión de producto pendiente y no lo es: el OpenAPI del servicio lo declara —«si user.password_updated es false el front debe mostrar un modal bloqueante»—. El servicio entrega el token a propósito; el bloqueo es nuestro.
• El usuario que devuelve el login NO se guarda. Trae nombre, rol y tenant, y es tentador usarlo para pintar el navbar sin esperar a /config/me. Sería una segunda fuente de verdad que se desincroniza en cuanto alguien cambie de rol. Hay una prueba que lo fija.",hecho,no,,equipo:front fase:0 estado:hecho
F0.16,Front · Fase 0 — Fundamentos,Front,0,Fundamentos,Solicitar acceso,"Sale de docs/access-request-registration-frontend-integration.md del servicio. Con esto el flujo de acceso queda consumido entero: login, token-info, cambio de contraseña, recuperación y solicitud. No crea una cuenta: abre una solicitud que un admin aprueba. La pantalla lo dice; prometer «ya podés entrar» dejaría a alguien probando credenciales que no existen.","• Los ocho campos del contrato, con el correo normalizado.
• No manda tenant_id — el documento del servicio lo quitó: «el tenant se asigna más adelante, en el panel admin, al aprobar».
• Los dos consentimientos son required: el servicio rechaza con 400 si llegan en false, así que declararlo evita un viaje que ya se sabe cómo termina.
• La solicitud creada que devuelve el 201 no se pinta.",hecho,si,,equipo:front fase:0 estado:hecho nueva
F0.15,Front · Fase 0 — Fundamentos,Front,0,Fundamentos,Recuperar contraseña,"Sale de docs/password-reset-frontend-integration.md del servicio de acceso —607 líneas—, que la auditoría del 2026-09-08 encontró sin tarea. Decidido que va: el servicio ya la soporta y no depende de nadie. No es un enlace de reseteo. POST /password-reset-requests crea una solicitud en la misma cola que los registros, y un admin tiene que aprobarla. La pantalla no puede prometer «revisá tu correo», porque no llega ningún correo con un enlace.","• Registrado y no registrado dan exactamente la misma pantalla. El servicio responde 201 con el mismo message en los dos casos y solo agrega request cuando el correo existe; si la pantalla mostrara esa diferencia, el formulario se volvería un verificador de correos.
• El mensaje sale del servicio · §8.
• El 409 —ya hay una solicitud pendiente— se muestra y se puede reintentar.
• El correo se normaliza antes de mandarlo.",hecho,si,,equipo:front fase:0 estado:hecho nueva
F0.13,Front · Fase 0 — Fundamentos,Front,0,Fundamentos,Modal bloqueante de cambio de contraseña,"El OpenAPI de synapse-api-go lo declara en /auth/login: «si user.password_updated es false el front debe mostrar un modal bloqueante solicitando cambio de contraseña antes de acceder a la app». El servicio entrega un token válido igual —a propósito—, así que el bloqueo es del front. No está bloqueada por nadie. POST /auth/change-password existe, está en el spec, y el campo llega en la respuesta del login.","• Con password_updated: false no se llega a la consola, ni escribiendo la URL: el bloqueo va donde ya está la decisión de sesión, no en la pantalla de login.
• El cambio consume POST /auth/change-password, que devuelve el usuario con password_updated: true.
• El mensaje sale del servicio · §8. La política de contraseña la valida él —password_policy está en su repositorio—, así que el front no la reimplementa.",hecho,si,,equipo:front fase:0 estado:hecho nueva
F0.14,Front · Fase 0 — Fundamentos,Front,0,Fundamentos,Generar los tipos del servicio de acceso desde SU OpenAPI,"api/auth.ts tiene los tipos escritos a mano, leídos de las estructuras de Go. El servicio publica un OpenAPI de 1.796 líneas —embebido en el binario, servido en /docs/openapi.yaml— así que hay un contrato y no lo estamos usando. Es la misma regla que ya sostiene gen:api para la consola: «todo lo que viaja por la red sale de generated.ts». Un tipo escrito a mano desde una implementación es exactamente el fixture escrito de memoria que la Fase 5 nos enseñó a no hacer — y ya costó una: el spec declaraba lo del modal bloqueante y nosotros lo anotamos como decisión pendiente.","• Los tipos de api/auth.ts salen de un generador, no de la lectura de structs.
• Hay un chequeo de deriva, como contract-drift: si el servicio cambia su spec y nadie regenera, la puerta lo dice.
• Queda decidido de dónde se lee el spec: una copia versionada acá, como design/, o un fetch contra el servicio. Lo segundo es más fresco y hace la puerta dependiente de la red.",hecho,si,,equipo:front fase:0 estado:hecho nueva
F0.6,Front · Fase 0 — Fundamentos,Front,0,Fundamentos,Generar src/api/types.ts desde OpenAPI,,"• src/api/generated.ts son 2.034 líneas generadas del yaml, y api/types.ts solo les pone nombre.
• ✅ npm run gen:api corre desde el package.json (F0.10, cerrada por D4).",hecho,no,,equipo:front fase:0 estado:hecho
F0.7,Front · Fase 0 — Fundamentos,Front,0,Fundamentos,Reutilizar los tokens del v2,,"• Los tokens en @theme static, con el espacio de nombres de Tailwind: --color-panel → bg-panel, --radius-xl → rounded-xl, --spacing: 4px para que p-6 sean los 24px de padding de panel.
• static no es opcional. Sin él Tailwind poda toda variable que ninguna utilidad mencione por escrito, y las rampas de familia se arman en runtime. Medido: sobrevivían 6 de 43, y el tema oscuro se quedaba sin colores de datos mientras el claro los conservaba.
• Las tres tipografías autohospedadas; el switcher de tema es un atributo.",hecho,no,,equipo:front fase:0 estado:hecho
F0.8,Front · Fase 0 — Fundamentos,Front,0,Fundamentos,Sacar mocks y defaults del bundle,,"• ✅ Cumplido por construcción: synapse-tenants.js, synapse-data.js, api/mock/ y los defaults ua_mx/ceo nunca entraron.",hecho,no,,equipo:front fase:0 estado:hecho
F0.9,Front · Fase 0 — Fundamentos,Front,0,Fundamentos,Runner de pruebas,"tareas-front-back.md exige en F5.5–F5.9 y en el checklist por componente «al menos una prueba de render mínimo», y no tiene una tarea que configure el runner. Sin esto la Definition of Done es inejecutable desde la Fase 1.","• ✅ vitest + @testing-library/react + jsdom instalados y npm test corre.
• ✅ msw instalado: los contenedores se prueban con HTTP mockeado, no con fixtures JS importados — importar un fixture desde una superficie es el anti-patrón que §4 declara.
• ✅ npm test está en la puerta junto a lint y build.",hecho,si,,equipo:front fase:0 estado:hecho nueva
F0.10,Front · Fase 0 — Fundamentos,Front,0,Fundamentos,Bajar a TypeScript 5.9 para que la generación funcione,"El andamio pinaba typescript@~6.0.2 y openapi-typescript@7 declara peer ^5.x. Como §4 exige que api/types.ts se genere desde OpenAPI, la cadena de generación manda sobre la versión del compilador (D4).","• npm install corre sin --legacy-peer-deps.
• npm run gen:api regenera src/api/generated.ts desde el package.json.
• Se quitó ignoreDeprecations: ""6.0"" del tsconfig.app.json, que solo existe en TS 6. tsc -b, build y lint siguen en verde con las cuatro flags estrictas puestas.",hecho,si,,equipo:front fase:0 estado:hecho nueva
F0.11,Front · Fase 0 — Fundamentos,Front,0,Fundamentos,Portar la puerta de calidad,"make verify de v2 con sus chequeos, adaptados al stack nuevo. nuevo-desarrollo.md no la menciona porque es de nuestro lado, no del desarrollador del backend (D5). No es opcional si se quiere evitar el fallo del 2026-08-20: 184 pruebas verdes sobre una implementación que violaba §3.1 de tres formas distintas.","• ✅ design-lint reapuntado a Tailwind: las 15 reglas verifican utilidades de token en vez de .module.css. Un hex literal en JSX o en CSS falla.
• ✅ spec-anclas porta sus anclas: cada regla numérica de design.md con su cita textual, el marcador §ANCLA:<id> en el archivo que la implementa, y su aserción. La aserción se escribe desde la cita, no mirando el código.
• ✅ contract-drift: src/api/generated.ts == contracts/synapse-api.yaml.
• ✅ token-drift: src/tokens/tokens.css == variables del .pen.
• ✅ Cada chequeo sale con 0 conforme, 1 violación, 2 bloqueado — y un bloqueado se cuenta aparte, en tools/gate.py, que es npm run verify.
• design-lint corre 13 de 15 reglas: L2 y L6 tienen el ámbito vacío —render/bodies/ y render/plots/ no existen hasta F1.13— y una regla que no miró un solo archivo no informa nada. Declararlas conformes sería exactamente la mentira que la convención del 2 existe para impedir.
• spec-anclas ancla 6 de 9 reglas. Las otras tres están citadas y sin implementar: RESP-2 y RESP-3 las cierra F1.30, TIPO-1 la cierra F1.13c. Se declaran igual, porque una regla que no está escrita en ningún lado no la reclama nadie.",hecho,si,,equipo:front fase:0 estado:hecho nueva
F0.12,Front · Fase 0 — Fundamentos,Front,0,Fundamentos,Reapuntar el generador de tokens,"tokens.css y tokens.ts están portados a mano. En v2 los emite tools/gen-tokens.py leyendo el .pen, y token-drift verifica que no se separen. Hasta reapuntarlo, un cambio de token en el diseño no llega solo.","• El generador emite el archivo con @theme static y el espacio de nombres de Tailwind, incluidos los cuatro tokens de marca y las 22 rampas de familia.
• Correrlo dos veces produce el mismo archivo byte a byte.
• Las cabeceras «PORTADO A MANO · PENDIENTE» desaparecen.",hecho,si,,equipo:front fase:0 estado:hecho nueva
F1.1,Front · Fase 1 — Consola y el traslado de render/,Front,1,Consola y el traslado de render/,api/client.ts — el cliente HTTP,"fetch + bearer + envelope, sin un solo import de mock.","• ✅ El envelope se desenvuelve en un único lugar: un hook que reciba { success, data } es un hook que dejó entrar la forma del transporte a la capa de datos.",hecho,no,,equipo:front fase:1 estado:hecho
F1.2,Front · Fase 1 — Consola y el traslado de render/,Front,1,Consola y el traslado de render/,api/hooks.ts — los hooks de datos,"useMe, useCatalog, useBlocks, useTab, usePanelsBatch, useSaveTheme.","• ✅ La clave del batch se ancla al tabId, no al arreglo de panelIds: dos renders de la misma pestaña producen arreglos distintos con el mismo contenido, y eso rompía la cache sin que se notara.",hecho,no,,equipo:front fase:1 estado:hecho
F1.3,Front · Fase 1 — Consola y el traslado de render/,Front,1,Consola y el traslado de render/,catalog/blocks.ts — validadores de composición,"acceptsShape, spanInRange, invalidReason sobre la tabla de /config/blocks.","• ✅ invalidReason devuelve la razón y no un booleano, porque el builder tiene que mostrarla: «un bloque gauge no sabe dibujar la forma serieTemporal» ayuda, «composición inválida» no.",hecho,no,,equipo:front fase:1 estado:hecho
F1.4,Front · Fase 1 — Consola y el traslado de render/,Front,1,Consola y el traslado de render/,catalog/types.ts — tipos del catálogo,Re-exporta desde api/ para que render/ pueda importar Family o PanelType sin cruzar la frontera de §4.,• ✅ catalog/ no tiene tablas de datos: el catálogo llega por API.,hecho,no,,equipo:front fase:1 estado:hecho
F1.14,Front · Fase 1 — Consola y el traslado de render/,Front,1,Consola y el traslado de render/,render/grid.ts — la grilla,"span(), gridStyle(), panelStyle(), con px = 96·N − 16.","• ✅ gridAutoRows en 80px es lo que hace que la fórmula se cumpla de verdad: sin eso, grid-row: span N reparte altura automática y 96·N − 16 queda escrito pero no aplicado.",hecho,no,,equipo:front fase:1 estado:hecho
F1.27,Front · Fase 1 — Consola y el traslado de render/,Front,1,Consola y el traslado de render/,metricsById — resolver metricId → métrica,,• ✅ El catálogo llega ya filtrado por rol; el front no filtra nada. ---,hecho,no,,equipo:front fase:1 estado:hecho
F1.13a,Front · Fase 1 — Consola y el traslado de render/,Front,1,Consola y el traslado de render/,Portar las primitivas de gráfico (plots/core/),"Siete archivos, ~635 líneas: scale.ts (escalas y techo), useSize.ts (ResizeObserver), Axis.tsx, Grid.tsx, Series.tsx, Band.tsx, Arco.tsx. Es la base de los seis plots y no depende de nada más.","• Ningún archivo de core/ importa de api/ ni conoce una métrica.
• useSize mide con ResizeObserver — es el único estado local permitido en render/, porque es de layout y no de negocio.
• Las pruebas de scale y useSize viajan con ellos y pasan.
• La reserva del eje sale del rótulo más largo, no del rótulo del máximo: con techo 1M el máximo es «1M» de dos caracteres y el tick «500K» son cuatro, y calculado sobre el máximo se salía por la izquierda y se leía «00K».",hecho,no,,equipo:front fase:1 estado:hecho
F1.13b,Front · Fase 1 — Consola y el traslado de render/,Front,1,Consola y el traslado de render/,Portar format.ts e inyectar el locale,"El formateo de cifras, en un solo lugar. En v2 LOCALE es la constante 'es-MX' y cinco de los seis plots importan el formateador directo en vez de recibirlo, así que la prop existe y está muerta.","• PlotProps.format se usa: ningún plot importa el formateador. Verificable con un grep, y candidato a regla de design-lint.
• El locale, la moneda y la zona horaria salen del tenant vía /config/me y bajan por props.
• La abreviatura no tiene escalón para mil millones: «B» es billion en inglés y un billón en español son 10¹², así que 2.5e9 sale «2,500M» — largo pero sin ambigüedad.
• Se conservan sus pruebas.",parcial,no,,equipo:front fase:1 estado:parcial bloqueada
F1.13c,Front · Fase 1 — Consola y el traslado de render/,Front,1,Consola y el traslado de render/,Portar los primitivos Label y Value,"Label es por donde pasa todo texto de meta: mono 10px, 0.12em, mayúsculas, text-dim. Existe porque §1.3 no admite un número desnudo.","• Traducidos a utilidades de Tailwind sobre tokens; cero hex, cero valor arbitrario que no salga de un token.
• Value aplica cifra (tabular-nums) y recibe el texto ya formateado: no formatea, porque el locale es del tenant.
• El andamio de Console.tsx que hoy usa text-[10px] tracking-[0.12em] a mano pasa a usar Label.",hecho,no,,equipo:front fase:1 estado:hecho
F1.13d,Front · Fase 1 — Consola y el traslado de render/,Front,1,Consola y el traslado de render/,Portar los seis estados,"EstadoCargando, EstadoVacio, EstadoDegradado, EstadoBloqueado, EstadoSinPermiso, EstadoError → LoadingState, EmptyState, DegradedState, BlockedState, NoAccessState, ErrorState.","• Reemplazan el cuerpo, nunca el shell. Título, BASE y procedencia siguen visibles mientras el panel carga, falla o está bloqueado.
• LoadingState es un esqueleto con la forma del tipo, no un spinner genérico.
• EmptyState es invitación a actuar con vacioRazon, no un error.
• DegradedState muestra la cifra: lo que cambia es el badge del shell.
• BlockedState no muestra número ni aproximación.
• Cada uno tiene una prueba que verifica que la anatomía del shell sigue ahí.",hecho,no,,equipo:front fase:1 estado:hecho
F1.13e,Front · Fase 1 — Consola y el traslado de render/,Front,1,Consola y el traslado de render/,Portar el shell del panel (Panel + PanelShell + Provenance),"~275 líneas. La anatomía obligatoria de §9: bullet de familia, título, BASE, procedencia con frescura relativa, dirección semántica, CTA y chevron. Cubre F1.15 y F1.16.","• El shell recibe el cuerpo por children y no lo conoce: un estado no puede borrar la cabecera porque no la tiene.
• BASE = denominador + ventana. Con BLOQUEADO sale de Metric.base (D6).
• La frescura relativa recibe el ahora por props, para que no dependa del reloj de quien renderiza y las pruebas sean deterministas.
• La dirección semántica se pinta solo si la métrica la declara: ponerla donde no aplica la vacía de sentido.
• El título es h2: el único nivel por encima es el h1 de la pregunta de la pestaña, y saltarse un nivel rompe la navegación por encabezados, que es como se recorre una pantalla de doce paneles con un lector.
• Shell compacto en colSpan ≤ 3 (F1.16): misma información, otro reparto — la meta baja a dos líneas. Es una rama documentada, no un flag suelto.",hecho,no,,equipo:front fase:1 estado:hecho
F1.13f,Front · Fase 1 — Consola y el traslado de render/,Front,1,Consola y el traslado de render/,Portar los seis plots,"PlotBars, PlotSeries, PlotGauge, PlotForecast, PlotComposition, PlotDistribution. Cubre F1.21.","• Todos aceptan PlotProps<F>. En v2 solo uno lo hacía y los otros cinco tenían firma propia, lo que hacía imposible indexarlos en un registro.
• El color llega como family y el plot no sabe cuál le tocó: usa var(--color-fam-${family}-N).
• Responsivos dentro de su panel; no asumen un ancho.
• Un plot vacío no rompe: cero series o cero puntos rinden sin excepción.",hecho,no,,equipo:front fase:1 estado:hecho
F1.13g,Front · Fase 1 — Consola y el traslado de render/,Front,1,Consola y el traslado de render/,Portar los doce cuerpos que existen en v2,"KpiBody, SeriesBody, BarsBody, TableBody, ProseBody, RecoBody, GaugeBody, ForecastBody, ListBody, CompositionBody, DistributionBody, BlockedBody. Cubre F1.18. Doce de quince, y la diferencia no es un recorte. El enum TipoPanel del contrato tiene quince valores y §7 de nuevo-desarrollo.md exige implementarlos todos. Doce existen en synapse_v2/src/render/bodies/ y se portan acá; los tres que faltan —comparison, matrix y graph— nunca se escribieron en v2 porque son las formas v1.1 de §8.12, que ningún backend emite todavía. Se construyen de cero en F4.17, F4.18 y F4.19, y F4.20 los registra. La consecuencia para F1.13h: hasta que estén los quince, el registro es un Partial<Record<PanelType, …>> y un tipo sin cuerpo tiene que dar error explícito, no un fallback silencioso. Recién con los tres de Fase 4 pasa a Record completo y agregar un tipo al enumerado sin su cuerpo deja de compilar.","• Cada uno acepta BodyProps<F, P> con sus params concretos, nunca Record<string, unknown>.
• Función pura: sin useState de negocio, sin useEffect de fetch, sin contexto global.
• GaugeBody sin maximo en opciones no dibuja el arco y lo dice; no inventa una escala.
• ProseBody y RecoBody reciben pilares como objetos y no parsean texto.
• Cada cuerpo tiene una prueba de render con props mínimas válidas del contrato.",hecho,no,,equipo:front fase:1 estado:hecho
F1.13h,Front · Fase 1 — Consola y el traslado de render/,Front,1,Consola y el traslado de render/,"Escribir el registro sin any (F1.17, F1.22)","registry.ts mapea PanelType → componente con React.lazy, para que una pestaña no descargue los cuerpos que no usa, y aplica memo en un solo lugar. §14.4 del documento lo ejemplifica con ComponentType<any> y §4 regla 2 lo prohíbe: «el v2 lo toleró en el registro de cuerpos; el front nuevo no». Las dos cosas no pueden ser ciertas a la vez.","• La estrechez vive en un adaptador tipado y documentado, no repartida en doce archivos ni tapada con any.
• Agregar una prop obligatoria a BodyProps no compila hasta actualizar los sitios que montan un cuerpo.
• Un tipo sin cuerpo registrado produce error explícito, no un fallback silencioso (F1.22, y §1 principio 6).
• preloadBodies(tipos) trae los chunks en paralelo con panels:batch, en cuanto /config/tabs dice qué tipos tiene la pestaña. Sin eso el lazy recién pide el chunk cuando ya llegó el dato, y el panel parpadea por una descarga que se podía haber hecho mientras tanto.
• Una prueba resuelve cada cargador y verifica que lo que sale es un memo.",hecho,no,,equipo:front fase:1 estado:hecho
F1.13i,Front · Fase 1 — Consola y el traslado de render/,Front,1,Consola y el traslado de render/,Portar state.ts — la derivación del estado visual,"estadoVisual, resolverGobierno, tieneValor. Vive en render/ y no en api/ porque el predicado lo necesita quien lee el payload, no quien lo declara — y render/ no puede importar valores de api/.","• VACIO se deriva del valor y cae en el mismo switch que los estados que sí vienen del backend.
• DEGRADADO cae con DISPONIBLE al elegir cuerpo: sí muestra cifra, y la diferencia la pinta el shell como badge.
• Nada más se deriva. Degradación, permisos y filtrado son del backend.",hecho,no,,equipo:front fase:1 estado:hecho
F1.13j,Front · Fase 1 — Consola y el traslado de render/,Front,1,Consola y el traslado de render/,Portar budget.ts — el presupuesto de render,La medición de cuánto tarda una pestaña en componer y pintar. Es lo que convierte «la consola va lenta» en un número.,"• Mide desde que llega la config de la pestaña hasta el commit y hasta el pintado.
• No se activa en producción salvo bajo un flag.",hecho,no,,equipo:front fase:1 estado:hecho
F1.5,Front · Fase 1 — Consola y el traslado de render/,Front,1,Consola y el traslado de render/,surfaces/console/Console.tsx — orquestación,"Cadena /config/me → /config/tabs/{id} → panels:batch, cableada. Falta reemplazar el andamio por paneles reales.","• ✅ Ningún panel, métrica ni posición aparece literal en el archivo.
• ✅ La primera pestaña y el primer período salen del backend (F1.10).
• ⬜ El componente queda por debajo de 300 líneas: si crece, se parte en contenedor y presentacional. En v2 Consola.tsx llegó a 671 y ahí se le metieron ramas if (metricId === 'mmm_canales'), que es el anti-patrón que §4 nombra.",hecho,no,,equipo:front fase:1 estado:hecho
F1.6,Front · Fase 1 — Consola y el traslado de render/,Front,1,Consola y el traslado de render/,ConsoleContainer — separar hooks de render,,"• El selector de período agrupa por grano y respeta el granoMinimo de las métricas de la pestaña: ofrecer un día a una métrica mensual es ofrecer un error.
• Con alcance: plataforma el topbar muestra el selector de tenant y declara que el acceso queda auditado; con usuario, el nombre del tenant.",hecho,no,,equipo:front fase:1 estado:hecho
F1.7,Front · Fase 1 — Consola y el traslado de render/,Front,1,Consola y el traslado de render/,"Topbar — tenant, selector de período, tema",,"• El selector de período agrupa por grano y respeta el granoMinimo de las métricas de la pestaña: ofrecer un día a una métrica mensual es ofrecer un error.
• Con alcance: plataforma el topbar muestra el selector de tenant y declara que el acceso queda auditado; con usuario, el nombre del tenant.",hecho,no,,equipo:front fase:1 estado:hecho
F1.8,Front · Fase 1 — Consola y el traslado de render/,Front,1,Consola y el traslado de render/,Tabs — pestañas desde ctx.tabs,,"• El selector de período agrupa por grano y respeta el granoMinimo de las métricas de la pestaña: ofrecer un día a una métrica mensual es ofrecer un error.
• Con alcance: plataforma el topbar muestra el selector de tenant y declara que el acceso queda auditado; con usuario, el nombre del tenant.",hecho,no,,equipo:front fase:1 estado:hecho
F1.9,Front · Fase 1 — Consola y el traslado de render/,Front,1,Consola y el traslado de render/,PanelInGrid — el puente,"Recibe panel + metric + payload y decide: shell siempre, y adentro el estado o el cuerpo. Reemplaza el andamio marcado data-pendiente=""F1.9"".","• Sin payload todavía → shell con esqueleto. El estado de carga no borra la anatomía.
• El Suspense del chunk usa el mismo esqueleto que el estado de carga: un chunk en vuelo y un dato en vuelo son indistinguibles para quien mira.
• Emite onDrill, onChat, onRetry hacia arriba. El cuerpo no navega ni abre modales por su cuenta.",hecho,no,,equipo:front fase:1 estado:hecho
F1.11,Front · Fase 1 — Consola y el traslado de render/,Front,1,Consola y el traslado de render/,Cambiar de período no re-pide el layout,,"• ✅ Cumplido: la clave de useTab no lleva el período, así que es estructural y no una disciplina.",hecho,no,,equipo:front fase:1 estado:hecho
F1.12,Front · Fase 1 — Consola y el traslado de render/,Front,1,Consola y el traslado de render/,Persistir el tema,,"• ✅ api.savePreferences y useSaveTheme escritos.
• ⬜ Control de tema en el topbar; el valor inicial llega en /config/me y lo aplica la superficie.
• El switcher visual no pasa por la API: es un atributo en la raíz, y las custom properties hacen el resto. Cero recálculo, cero re-render.",hecho,no,,equipo:front fase:1 estado:hecho
F1.19,Front · Fase 1 — Consola y el traslado de render/,Front,1,Consola y el traslado de render/,Estados en la superficie · cubierto por F1.13d,,"• Verificado por design-lint (F0.11), no por revisión manual.",hecho,no,,equipo:front fase:1 estado:hecho
F1.20,Front · Fase 1 — Consola y el traslado de render/,Front,1,Consola y el traslado de render/,Primitivos · cubierto por F1.13c,,"• Verificado por design-lint (F0.11), no por revisión manual.",hecho,no,,equipo:front fase:1 estado:hecho
F1.23,Front · Fase 1 — Consola y el traslado de render/,Front,1,Consola y el traslado de render/,memo en cuerpos y plots · cubierto por F1.13h,,"• Verificado por design-lint (F0.11), no por revisión manual.",hecho,no,,equipo:front fase:1 estado:hecho
F1.24,Front · Fase 1 — Consola y el traslado de render/,Front,1,Consola y el traslado de render/,Cero hex literal,,"• Verificado por design-lint (F0.11), no por revisión manual.",hecho,no,,equipo:front fase:1 estado:hecho
F1.25,Front · Fase 1 — Consola y el traslado de render/,Front,1,Consola y el traslado de render/,Conectar a la API real,"Apuntar el front al backend y sacar cualquier respuesta simulada del camino, aunque el backend devuelva una sola pestaña.","• La consola carga contra el backend real vía VITE_API_URL.
• Cero fixtures en el bundle de producción, verificado sobre el output del build.
• Un 401 limpia la sesión; un 500 muestra el estado de error de la superficie sin dejar pantalla en blanco.",pendiente,no,B1.16 y B1.20,equipo:front fase:1 estado:pendiente bloqueada
F1.26,Front · Fase 1 — Consola y el traslado de render/,Front,1,Consola y el traslado de render/,"Carga y error a nivel de superficie, no en los cuerpos","La superficie decide qué se muestra mientras el contexto o el catálogo vuelan, y qué se muestra si fallan. Un cuerpo nunca maneja eso.","• Ningún componente de render/ lee isLoading ni isError: recibe un Payload y nada más.
• Si falla /config/me o /config/catalog la pantalla lo dice; si falla solo el batch, los shells siguen visibles con su estado de error por panel.",hecho,no,,equipo:front fase:1 estado:hecho
F1.28,Front · Fase 1 — Consola y el traslado de render/,Front,1,Consola y el traslado de render/,Traducir los CSS Modules de v2 a Tailwind,v2 tiene ~10 .module.css. El stack nuevo es Tailwind y .cursorrules prohíbe CSS Modules salvo excepción justificada. La traducción es mecánica pero no trivial: hay medidas que no deben volverse valores arbitrarios sino tokens.,"• Cero .module.css en render/, salvo excepción escrita y justificada.
• Cero hex literal y cero valor arbitrario [...] que corresponda a un token existente. text-[10px] de un Label es un token que falta, no una utilidad.
• Las medidas del sistema —label 10, celda 12, cuerpo 13— entran como tokens de tipografía en @theme, no como arbitrarios repetidos.",hecho,si,,equipo:front fase:1 estado:hecho nueva
F1.29,Front · Fase 1 — Consola y el traslado de render/,Front,1,Consola y el traslado de render/,Validar los params de layout,"PanelConfig.opciones llega como Record<string, unknown>. Hoy un cliente que configure orden: ""ascending"" en vez de ""asc"" no falla: se ignora. Con configuración por tenant eso deja de ser hipotético.","• ⚠️ Cada tipo declara su esquema de params —valores válidos y defaults— derivado de paramsDisponibles de /config/blocks. Derivado a medias, y el contrato es el límite. Ver abajo.
• ✅ La validación ocurre en el adaptador de api/: api/params.ts. Ni la superficie ni render/ la tocan; el cuerpo recibe params ya limpios.
• ✅ Un param desconocido se descarta con aviso en desarrollo; uno inválido degrada el panel con razón visible. Nunca se ignora en silencio.
• Qué params existen lo dice el backend, y un nombre fuera de esa lista se descarta.
• Qué valores son válidos lo dice PARAM_SCHEMAS en el front, porque el contrato no lo declara. Es duplicación con lo que cada cuerpo acepta en TypeScript, y es inevitable: los tipos se borran al compilar y opciones llega en runtime.",hecho,si,,equipo:front fase:1 estado:hecho nueva
F1.30,Front · Fase 1 — Consola y el traslado de render/,Front,1,Consola y el traslado de render/,Colapso responsive,"Cablear columnsFor(), que ya está escrita en render/grid.ts, y el reordenamiento por colStart al colapsar. D1 lo resolvió a favor: es una regla normativa vigente con ancla de spec y prueba en v2.","• ✅ El colapso no lo puede hacer solo el CSS. El span se resuelve en JS —spanFor— y se suelta el colStart. useColumns escucha el viewport.
• ⚠️ El mínimo NO es 768: son 360. Ver abajo.
• ✅ La prueba se escribe desde la cita de §3.1, y las cuatro que verifican la división caen si se vuelve a Math.min. Verificado por mutación.",hecho,si,,equipo:front fase:1 estado:hecho nueva
F1.31,Front · Fase 1 — Consola y el traslado de render/,Front,1,Consola y el traslado de render/,Registro de gráficos y verificación de mínimos,"D2 lo resolvió a favor. Dos piezas: catalog/plots.ts con los validadores sobre el repertorio que llega de /config/plots —la misma figura que catalog/blocks.ts, sin la tabla escrita adentro—, y render/plots/registry.ts con lazy + memo y plotFor(id), igual que el registro de cuerpos. Lo primero que hay que construir no es el selector, es la verificación de mínimos: cuántos puntos, categorías o partes necesita un gráfico para no engañar. Sirve desde hoy, aun con un gráfico por tipo — hoy nada impide que bars reciba un ítem y dibuje una barra sola.","• Ausente plot en el layout se dibuja exactamente lo que se dibuja hoy: el cambio no mueve ninguna pantalla existente.
• Un valor por debajo del mínimo del gráfico no se dibuja: el panel muestra el estado vacío con la razón —«este corte necesita al menos tres categorías; llegaron dos»— que es lo que §8 pide, invitación a actuar y no un error.
• Un valor por encima del tope tampoco: se muestra el motivo declarado en el repertorio, no un gráfico ilegible con ochenta barras.
• Un gráfico incompatible con la forma se rechaza en el adaptador con razón; no se dibuja mal ni se cambia por otro en silencio.
• La regla dura se sostiene: serieConBanda solo admite gráficos con banda.
• La tabla no está en el front: llega por API, igual que los bloques.",pendiente,si,,equipo:front fase:1 estado:pendiente nueva bloqueada
F1.32,Front · Fase 1 — Consola y el traslado de render/,Front,1,Consola y el traslado de render/,Transcribir el cable de consola a un contrato versionado,"contracts/synapse-console-wire.yaml con la forma que el servicio de Go realmente sirve en /config/, más npm run gen:console-wire y npm run console-drift. Es el mismo tratamiento que ya recibió contracts/synapse-auth.yaml, y por la misma razón: no se escriben tipos a mano contra un servicio. El OpenAPI que el binario embebe no declara ni una ruta /config/ —es la tarea B0.7 de su plan, sin marcar—, así que esta primera versión es una transcripción nuestra leyendo ports/dd_config_service.go, dashboard/blocks.go y domain/dd_.go.","• El yaml lleva escrito adentro que es una transcripción del front y no un contrato firmado, con la fecha y el commit desde el que se transcribió.
• console-drift falla si src/api/console-generated.ts deja de coincidir con el yaml, con la misma convención de salida que los otros chequeos: 0 conforme, 1 violación, 2 BLOQUEADO.
• Cuando el backend cierre B0.7, el yaml se reemplaza por el suyo y no cambia nada más: el adaptador ya tipa contra los tipos generados.
• La puerta lo corre. La puerta lo corre, sin bloqueados.",hecho,si,,equipo:front fase:1 estado:hecho nueva
F1.33,Front · Fase 1 — Consola y el traslado de render/,Front,1,Consola y el traslado de render/,"api/adapt.ts · contexto, catálogo, bloques y pestaña","Las cuatro respuestas que no llevan datos. Traduce nombres —col_span a colSpan, operational_question a pregunta—, compone nombre desde first_name y last_name, y mapea por tabla los tres enumerados que cambian de idioma: shape, family y min_grain. Hereda dos correcciones de F1.36 (2026-09-14): /config/catalog y /config/blocks devuelven un arreglo desnudo en data, no { metrics } ni { blocks }. Se mudaron acá porque cambian el tipo de retorno del cliente, y quien lo recibe es este adaptador.","• render/ y catalog/ no cambian ni una línea: la frontera de §4 se sostiene.
• Lo que el cable no trae queda ausente, nunca inventado. alcance, tenant.etiqueta, role.puedeAprobar, tabs[].key y user.capacidades no se rellenan con un valor plausible.
• El mapeo de familia es explícito y verificado: las cinco familias del cable producen las cinco del contrato, que son las que nombran los tokens --color-fam-.
• Una prueba por cada una de las cuatro respuestas, con el fixture escrito desde synapse-console-wire.yaml y no de memoria.",hecho,si,,equipo:front fase:1 estado:hecho nueva
F1.34,Front · Fase 1 — Consola y el traslado de render/,Front,1,Consola y el traslado de render/,"api/adapt.ts · payload, valor y presentación","Los cinco estados —AVAILABLE, DEGRADED, BLOCKED, FORBIDDEN, ERROR—, el Gobierno que viene anidado en governance, las nueve formas de Valor que el backend materializa y la Presentacion de las dos que la tienen.","• Los cinco estados producen las cinco variantes de la unión discriminada, y el switch exhaustivo de Panel.tsx sigue compilando sin cambios.
• Las nueve formas se verifican una por una contra el fixture del cable. Las siete que el backend no materializa —distribucion, serieConBanda, categoricaComparada, perfilMultiatributo, matriz, grafo, flujo— quedan declaradas como no alcanzables hoy, con la razón.
• porcentaje ausente en una composición no se deriva. El contrato dice que lo calcula el backend porque redondear en el cliente da columnas que suman 99,9. Sin él, el panel entra en ERROR con la razón escrita.
• BLOQUEADO sin unlocks_with no se inventa un «qué lo desbloquea».
• Verificada por mutación: cambiar un nombre de campo en el adaptador tiene que romper una prueba.
• porcentaje de una composición. El contrato: «lo calcula el backend y no el front: la suma tiene que dar 100 y redondear en el cliente produce columnas que suman 99,9». En el cable es opcional, así que su ausencia rompe la composición entera en vez de producir una que casi suma.
• La banda de un pronóstico. Regla dura 6: «prohibida la estimación puntual sin intervalo». Sin lo/hi/nivel el panel entra en ERROR.
• El «qué lo desbloquea» de un BLOQUEADO. El servicio deja unlocks_with vacío ahí; solo lo escribe al derivar DEGRADED.
• El solicitarA de un SIN_PERMISO. Pasa la constante ""administrator"" tal cual: mejorarla sería inventar a quién pedirle.",hecho,si,,equipo:front fase:1 estado:hecho nueva
F1.35,Front · Fase 1 — Consola y el traslado de render/,Front,1,Consola y el traslado de render/,Los enumerados cerrados no se abren en el cable,"En el cable shape, family, layer y block_type son string libre; en el contrato son enumerados cerrados. make sync-catalog hace upsert de lo que diga una vista de Snowflake, así que un valor desconocido no es hipotético. El adaptador es el único lugar donde se puede detectar.","• Una family fuera del enumerado no pasa. Si pasara, el color de la serie sería var(--color-fam-vendors-1), que no existe: la serie se pinta sin color y nadie se entera. Es el mismo modo de falla que text-labell.
• Una shape o un block_type desconocidos ponen ese panel en ERROR con la razón —qué valor llegó y qué valores hay—, no rompen la pestaña entera ni se sustituyen por un default.
• El error es explícito. Nunca se arregla un valor inválido en silencio: principio 6 de §1.
• Verificada por mutación con una familia inventada en el fixture.",hecho,si,,equipo:front fase:1 estado:hecho nueva
F1.36,Front · Fase 1 — Consola y el traslado de render/,Front,1,Consola y el traslado de render/,"client.ts contra las rutas, los cuerpos y el error de este servicio","Seis correcciones: el batch manda { panel_ids, period } y no { panelIds, periodo } —los dos son required en el binding, así que hoy devuelve 400—; las preferencias van a /config/me/preferences con { theme }; el catálogo y los bloques llegan como arreglo desnudo; los hilos apuntan a un endpoint que no existe; y el envelope de error de este servicio es { success: false, error: ""cadena"" }, no el objeto de §4.1.","• Ninguna llamada de la consola devuelve 400 ni 404 por forma del request contra el servicio real.
• Un error del servicio produce un ApiError con message legible. Hoy body.error.codigo sobre una cadena da code: undefined y message: """" —una pantalla de error sin una palabra—, que es el defecto exacto por el que existe api/auth.ts.
• El desenvolvimiento del envelope sigue ocurriendo en un solo lugar.
• Mientras el servicio no emita códigos, el code es explícitamente desconocido y el front no decide sobre él.",hecho,si,,equipo:front fase:1 estado:hecho nueva
F1.37,Front · Fase 1 — Consola y el traslado de render/,Front,1,Consola y el traslado de render/,Una sola base de API,"/auth/, /config/ y /admin/ los sirve el mismo binario bajo el mismo /api/v1. Las dos bases del front dejan de tener razón de ser.","• VITE_AUTH_URL ausente cae a VITE_API_URL, que es el comportamiento que ya estaba previsto «si algún día quedan detrás del mismo origen».
• Un .env.example declara las variables con el puerto real del servicio (4010) y el README dice cómo levantar los dos lados.
• CLAUDE.md deja de decir «son DOS servicios».",hecho,si,,equipo:front fase:1 estado:hecho nueva
F1.38,Front · Fase 1 — Consola y el traslado de render/,Front,1,Consola y el traslado de render/,"MSW responde la forma del cable, no la del contrato","Hoy tests/mocks/handlers.ts responde la forma del contrato. Si se queda así, el adaptador no se ejecuta en ninguna prueba y las 350 siguen verdes con el adaptador roto — el modo de falla exacto del 2026-08-20, cuando el colapso responsive violaba §3.1 de tres formas con 184 pruebas en verde.","• Los handlers responden lo que responde Go: snake_case, error como cadena, arreglos desnudos, estados en inglés, governance anidado, shape como discriminador.
• El adaptador queda en el camino de toda prueba de superficie: no hay ruta por la que una prueba vea la forma del contrato sin pasar por él.
• Los fixtures se escriben desde synapse-console-wire.yaml. Un fixture inventado verifica el fixture.
• Verificada por mutación: romper el adaptador tiene que romper pruebas de superficie, no solo las del propio adaptador.",hecho,si,,equipo:front fase:1 estado:hecho nueva
F1.39,Front · Fase 1 — Consola y el traslado de render/,Front,1,Consola y el traslado de render/,Humo contra el servicio real,"Una corrida contra el servicio levantado con su seed —login, /config/me, /config/catalog, /config/blocks, /config/tabs/:tabId, panels:batch— que compare lo que llega contra contracts/synapse-console-wire.yaml. Una prueba verde contra MSW demuestra que el adaptador es coherente con lo que nosotros creemos del cable, no con el cable.","• Se corre a mano con credenciales y no forma parte de npm run verify: la puerta no puede depender de un servicio externo.
• Sale con 2 —BLOQUEADO— si no hay servicio al que apuntar, nunca con 0. Un chequeo que pasa por falta de fuente miente sobre su cobertura.
• Una diferencia entre el cable real y el yaml transcripto se reporta con el campo y los dos valores, y se corrige el yaml, que es lo que puede estar mal: el yaml es nuestra transcripción, el servicio es el hecho.
• Queda registrado qué se verificó y con qué commit del backend.",hecho,si,,equipo:front fase:1 estado:hecho nueva
F1.40,Front · Fase 1 — Consola y el traslado de render/,Front,1,Consola y el traslado de render/,Presentacion llega al cuerpo · hoy está declarada y nadie la pasa,"BodyProps.presentation existe en render/types.ts, está documentada correctamente —«rótulos y cifras de apoyo, redactados por el backend; viajan con el dato y no con el layout porque dependen del período»— y ningún cuerpo la lee, ninguna superficie la pasa. KpiBody toma label, comparativo y medidor de params, o sea de PanelConfigurado.opciones, que es el layout. Es nuestro, no del backend, y contradice nuestro propio contrato. Presentacion declara esos tres campos y dice por qué van en el payload: «el medidor marca 61% este mes y otra cosa el siguiente». Con el layout de por medio, el rótulo del KPI queda congelado en la composición. MSW lo tapaba porque los fixtures escribían el rótulo en opciones. El cable lo destapa: manda options: { comparative: true, meter: true } —interruptores— y los datos en presentation.","• Panel pasa presentation al cuerpo, y KpiBody lee de ahí label, medidor y comparativo. En params quedan los interruptores, que es lo que el contrato llama «interruptores de composición, no datos».
• Un KPI cuyo medidor cambia de período cambia en pantalla sin republicar el layout. Es la garantía que justifica que Presentacion exista.
• Verificada por mutación: mover el rótulo de vuelta a opciones tiene que romper una prueba.
• Queda UN solo lugar que la pasa y uno solo que la lee. Los doce cuerpos comparten BodyProps, así que PanelInGrid se la pasa a todos y la declaración de quién la usa es destructurarla o no: hoy solo KpiBody. Verificable con grep, y esa es la forma correcta del criterio — el que se escribió primero pedía «el que no la usa no la recibe», que con un tipo de props compartido no se puede cumplir sin partirlo en dos, y partirlo sería peor: el día que un segundo cuerpo la use no habría nada que cambiar. Criterio corregido por la auditoría del 2026-09-14; el cierre lo reinterpretaba y un criterio que el cierre reinterpreta no es un criterio.",hecho,si,,equipo:front fase:1 estado:hecho nueva
F1.41,Front · Fase 1 — Consola y el traslado de render/,Front,1,Consola y el traslado de render/,"Los nombres de los params, del cable al contrato","PARAM_SCHEMAS espera los params en español —maximo, horizonte, orden, tope, normalizacion, pilares, columnas, banda, corte, ventana— y el cable los manda en inglés: maximum, horizon, order, cap, normalization, pillars, columns, band, cut, window. La tabla blocks los declara en layout_params. El caso que lo hace urgente es gauge. El backend exige options.maximum y emite ERROR si falta, así que el panel siempre llega con { maximum: 100 }. GaugeBody espera maximo. adaptPanelParams descartaba maximum por desconocido y el panel mostraba «Sin máximo declarado» teniendo el dato en la mano. Corregido el 2026-09-15 al escribir la prueba: esta descripción decía antes que «el arco se dibuja contra otro máximo, en silencio». Era falso. GaugeBody comprueba maximo === undefined y se niega a dibujar — que es lo correcto, y por eso el defecto se veía en pantalla en vez de esconderse. El error era del diagnóstico, no del código. Lo mismo forecast con horizon.","• El mapeo vive en el adaptador de api/ y en un solo lugar, junto al de familias y formas.
• Un param del cable que el mapeo no conoce se reporta, no se descarta: es la misma regla que unknownParams ya aplica, y ahora con dos vocabularios hay el doble de superficie para que uno se pierda.
• paramsDisponibles que llega de /config/blocks se traduce con la misma tabla, para que la validación compare peras con peras.
• Un gauge del seed dibuja su medidor contra el maximum que mandó el backend. Verificado cambiando el valor en el fixture y viendo moverse el arco.
• Queda declarado qué params del cable no tienen contraparte —brand, components, interval_level, stats, scale, clustering, reference, profile_cap, cuts— y por qué: son de los tres cuerpos que no existen y de opciones que ningún cuerpo lee todavía.",hecho,si,,equipo:front fase:1 estado:hecho nueva
F1.42,Front · Fase 1 — Consola y el traslado de render/,Front,1,Consola y el traslado de render/,El mes en curso está incompleto y el selector no lo dice,"El equipo de datos avisó el 2026-09-15 que GLD_ECOMM_DAILY_PERFORMANCE tiene filas hasta dic-2028 con valores en 0 —metas de planeación— y que el mes en curso está incompleto. La mitad de ese aviso no aplica, y conviene devolvérselo. Lo verificamos contra el código: availablePeriods() genera los últimos doce meses contando el actual y nunca uno futuro, así que la consola no puede ofrecer dic-2028. Esa preocupación es real para quien consulte Snowflake a mano, no para el front. La otra mitad sí, y es nuestra. El mes en curso se ofrece igual que los cerrados, y PeriodPicker no lo distingue: alguien compara septiembre contra agosto y lee una caída que es «el mes todavía no terminó». Es el mismo problema que un panel degradado mostrando un número aproximado — la cifra es correcta y la lectura es falsa. El .pen ya lo dibuja en B5: «PERÍODO · 1 – 31 JUL 2026 · MTD CERRADO».","• El período en curso se marca como parcial, con qué parte del mes cubre. No se deshabilita: mirar el mes en curso es legítimo, lo que no es legítimo es que se vea igual que uno cerrado.
• El texto sale de lo que el período declara, no de comparar contra new Date() en el front: el corte del día es del tenant y su huso, no del navegador · la regla de las dos zonas horarias.
• Eso lo hace esperar un campo: hoy Periodo no declara si está cerrado. Va pedido a backend.",parcial,si,,equipo:front fase:1 estado:parcial nueva
F1.43,Front · Fase 1 — Consola y el traslado de render/,Front,1,Consola y el traslado de render/,"Los TIPOS de los params, no sólo sus nombres","F1.41 tradujo los NOMBRES de los params del cable al contrato y dejó abierta la otra mitad: que el tipo que PARAM_SCHEMAS declara sea el que el cuerpo lee. No lo era, y costó seis de doce paneles. F1.40 mudó el rótulo, el medidor y los comparativos de opciones a presentacion — los escribe el backend, no quien compone el layout. KpiParams pasó ese día a declarar dos interruptores booleanos, y PARAM_SCHEMAS se quedó diciendo array y object, que era la forma anterior. El servicio manda {""meter"": true, ""comparative"": true} en seis de los doce paneles del layout sembrado, el validador los rechazaba, y los seis salían BLOQUEADO diciendo «""medidor"" tiene el valor true y espera un objeto». Nada lo vio. No el compilador —las dos mitades no se tocan—, no el lint, no las pruebas, y no MSW, cuyos mocks nunca mandaron meter. Es el modo de falla de F1.38 otra vez: un mock que habla el idioma de nuestra capa interna no prueba la frontera, la esconde. Se midió abriendo la consola contra el binario local.","• ParamSpec gana el kind que faltaba —boolean— y kpi declara sus dos params como los interruptores que son. label sale: KpiBody lo lee de presentacion desde F1.40 y /config/blocks tampoco lo declara.
• La deriva deja de ser verificable y pasa a ser imposible: un cruce de tipos en tests/api/params-esquema.ts compara la tabla contra los Params de los doce cuerpos en npm run typecheck, en los dos sentidos —nombres exactos, y el tipo que cada kind deja pasar—. Lo único que no comprueba es el contenido de array y object, y está escrito por qué.
• La prueba usa el payload capturado, no uno inventado: los doce paneles con sus options tal como los devuelve GET /config/tabs/{id}, con fecha.
• Se verifica abriendo la consola, que es donde el defecto vivía.",hecho,si,,equipo:front fase:1 estado:hecho nueva
F1.44,Front · Fase 1 — Consola y el traslado de render/,Front,1,Consola y el traslado de render/,"El orden de una tabla se anuncia, no se aplica","Después de F1.43 quedaba un solo panel de los doce en BLOQUEADO: «Investment and return by platform», porque el cable manda {""order"": ""investment""} —el nombre de una columna— y TableBody ordenaba con { columna, direccion }. La lectura inicial fue que faltaba la dirección y que era pregunta para el backend. Era nuestra, y las tres fuentes lo decían. Se miraron el 2026-09-22: | Fuente | Qué dice | |---|---| | El cable | {""order"": ""investment""} · el nombre de la columna, sin dirección | | El .pen · §6 · Sec · table armado | La BASE dice «ORDENADO POR INVERSIÓN» y la nota al pie lo repite. El encabezado no marca la columna: los seis rótulos llevan el mismo $dim y ninguno tiene flecha | | El payload | Llega ya ordenado · 412K · 318K · 148K · 96K · 41K · 25K, el mismo orden y los mismos números que el .pen dibuja. Y su governance.base dice «MONTH · SORTED BY INVESTMENT» | Así que el orden de una tabla se declara en la BASE, no se ejecuta en el front. Ordenar acá era reordenar lo que ya venía ordenado, con una dirección que habría que elegir — y elegirla es la invención que el adaptador tiene prohibida: una tabla ordenada al revés se ve perfecta y miente. Lo que enseñó, que es la mitad que vale. El bloqueo lo habíamos escrito nosotros esa misma mañana, con la conclusión razonada y sin abrir el .pen. El dibujo estaba a tres líneas de Python. Es la regla de septiembre otra vez, y esta vez costó un panel y media hora en vez de cuatro tareas. Dos diferencias más contra el .pen, anotadas y no corregidas —son del dato, no del render—: el dibujo tiene seis columnas y el servicio manda cinco, falta CPA; y la participación se dibuja «39.6%» donde la celda sale «39.6», porque la columna no declara unidad.","• Ninguno de los doce paneles del layout sembrado queda en BLOQUEADO, y el de tabla dibuja sus seis filas en el orden en que llegan. Verificado abriéndolo, no sólo con pruebas.
• TableBody no ordena y orden sale de TableParams y de PARAM_SCHEMAS: un param que nadie lee se descarta como desconocido, que es la regla de api/params.ts y acá además es cierto. El cruce de tipos de F1.43 obliga a que las dos mitades se muevan juntas — y lo hizo: quitar una sin la otra rompió typecheck.
• La prueba que verificaba el ordenamiento se reemplaza, no se borra: la nueva afirma la garantía nueva —las filas se dibujan en el orden en que llegan— con un fixture desordenado a propósito, para que pueda fallar.
• cut de series o se lee —con su nombre y su ParamSpec— o sale de layout_params de series. Queda pendiente: es lo único de esta tarea que no depende de nosotros, y por eso la tarea está en ⚠️ y no en ✅.",parcial,si,,equipo:front fase:1 estado:parcial nueva bloqueada
F2.1,Front · Fase 2 — Estados de materialización,Front,2,Estados de materialización,DEGRADADO,,"• Muestra la cifra, más razon y desbloqueaCon. El badge lo pinta el shell. El front no decide si algo está degradado. Cerrada el 2026-09-03. Ya estaba implementado desde F1.13d; lo que faltaba era la prueba de punta a punta. La aserción que la hace valer es la negativa: el mismo valor con estado DISPONIBLE no pinta el badge, que es lo que demuestra que sale del estado del backend y no de una heurística del front.",hecho,no,,equipo:front fase:2 estado:hecho
F2.2,Front · Fase 2 — Estados de materialización,Front,2,Estados de materialización,BLOQUEADO,,"• Sin cifra y sin aproximación. Razón, qué lo desbloquea y CTA. El shell conserva título y BASE. Cerrada el 2026-09-03, con una salvedad escrita: el CTA no se pinta, y es correcto. La consola no pasa onUnblock, y la regla del CTA muerto dice que un botón sin manejador no se dibuja —«un botón que se aprieta y no hace nada es peor que uno ausente»—. El estado no queda sin salida: el detalle sigue diciendo qué lo desbloquea. Cuando exista a dónde mandar el desbloqueo, se cablea. La prueba de «sin aproximación» no busca un texto: busca que no haya ninguna forma de cifra en el panel —ni USD , ni 4.28M, ni miles con separador—, porque un número aproximado que se cuele no va a llamarse como el fixture.",hecho,no,,equipo:front fase:2 estado:hecho
F2.3,Front · Fase 2 — Estados de materialización,Front,2,Estados de materialización,SIN_PERMISO · B0.9 (línea 1171) contestada,,"• Muestra solicitarA y ofrece pedir acceso. Si D3 resuelve conservar el viaje de solicitud, se cablea contra /config/solicitudes: la solicitud ya hecha sale del servidor y no de estado local —con estado local, recargar borraba el pedido y la consola volvía a ofrecer el CTA como si nada. Parcial el 2026-09-03. La mitad que se puede hacer sin backend está hecha y probada: el estado llega del batch y nombra el rol que decide. Falta el CTA, y falta entero: /config/solicitudes ya existe en el contrato —línea 591, operationId: solicitarAcceso—, así que lo que queda es cablearlo y leer del servidor las solicitudes ya hechas. Medido el 2026-09-22, y el bloqueo es más preciso de lo que decía. El servicio sí tiene una ruta de solicitud —POST /access-requests, accessRequestHandler.Submit— pero es la del login: «no tengo cuenta», ya transcrita en synapse-auth.yaml y usada por RequestAccess. No es la de esta tarea, que es un usuario con cuenta pidiendo acceso a una métrica que su rol no recibe. Y falta la mitad que importa en las dos: la única ruta que LISTA solicitudes es GET /admin/access-requests, que es sólo para administradores. Un usuario de consola no puede leer si ya pidió, y ése es exactamente el motivo por el que el criterio dice «no de estado local» — con estado local, recargar borraba el pedido y la consola volvía a ofrecer el CTA como si nada. Hay una prueba que fija el estado actual: verifica que el botón no esté, para que aparezca el día que se cablee y no antes.",parcial,no,,equipo:front fase:2 estado:parcial bloqueada
F2.4,Front · Fase 2 — Estados de materialización,Front,2,Estados de materialización,ERROR con reintento por panel,,"• El reintento re-pide ese panel, no el batch entero. El mensaje es el del backend, no uno inventado por el front. Cerrada el 2026-09-03, y era un defecto real. ConsoleContainer pasaba onRetryPanels={() => void batch.refetch()}: apretar «Reintentar» en el panel que falló volvía a pedir los N paneles, y los N−1 que habían cargado bien parpadeaban. Se reemplazó por useRetryPanel, que pide ese panel —el mismo endpoint con una lista de uno, que el contrato ya soporta porque declara fallo parcial— y funde el resultado con setQueryData. No invalidateQueries: invalidar dispara de nuevo la consulta original, o sea los N, que es el mismo defecto por otro camino. La prueba necesita dos paneles: con uno solo, «re-pedir el batch» y «re-pedir ese panel» son la misma llamada y no distinguen nada. Verificada por mutación: con el refetch() viejo llegaban ['p-1','p-2'] donde va ['p-1'].",hecho,no,,equipo:front fase:2 estado:hecho
F2.5,Front · Fase 2 — Estados de materialización,Front,2,Estados de materialización,Frescura relativa en la procedencia,,"• «hace 3 h» calculado contra el ahora que baja por props. Refleja cuándo se materializó (B2.10), no cuándo se abrió la página. Cerrada el 2026-09-03. Ya venía de F1.13e: format.freshness lee payload.frescura —que es cuándo se materializó— contra un now único por pantalla. Faltaba la prueba de punta a punta, y se escribió con la distancia calculada en el momento y no con una fecha quemada: una fecha fija diría «HACE 8000 H» el año que viene y habría que tocarla.",hecho,no,,equipo:front fase:2 estado:hecho
F2.6,Front · Fase 2 — Estados de materialización,Front,2,Estados de materialización,Gobierno visible en los seis estados,,"• Incluso cargando: la BASE sale de Metric.base del catálogo (D6). Es la garantía de §5.2 verificada estado por estado. Cerrada el 2026-09-03. La prueba que la hace valer de verdad es una sola: BLOQUEADO, SIN_PERMISO y ERROR no llevan Gobierno —el contrato lo intersecta solo en los dos estados con cifra—, así que si la BASE sigue en pantalla con un payload que no la trae, es porque salió del catálogo. Eso es D6 verificada y no declarada. La prueba además afirma que el fixture no trae base ni capa, para que agregárselos no la deje verde sin verificar nada. ---",hecho,no,,equipo:front fase:2 estado:hecho
F3.1,Front · Fase 3 — Chat contextual,Front,3,Chat contextual,ChatOverlay — la hoja lateral,,"• Escape cierra. El foco entra al abrir y vuelve al disparador al cerrar. Una sola hoja abierta a la vez: apilarlas deja al usuario sin saber qué cierra el Escape. Cerrada el 2026-09-03, sin <dialog> nativo y con la razón escrita. showModal() daría Escape, trampa de foco y devolución del foco gratis, pero jsdom no lo implementa —verificado— así que las pruebas tendrían que polirrellenarlo y estarían verificando el polyfill en vez de la hoja. Hecho a mano, el retorno del foco queda explícito en vez de confiado al navegador. Lo de «una sola hoja» es estructural: la consola sostiene un único estado. El contador del componente es la red por si alguien monta una segunda desde otro lado, y avisa en vez de fallar en silencio.",hecho,no,,equipo:front fase:3 estado:hecho
F3.2,Front · Fase 3 — Chat contextual,Front,3,Chat contextual,Construir ContextoDePanel al abrir,,"• Manda panelId y periodo. Nunca SQL. El criterio se REESCRIBIÓ el 2026-09-17, por decisión humana sobre el informe de 82da946. Pedía doce campos —metricId, metricKey, nombre, base, fuente, capa, familia, tipo, valorActual, dimensionesDisponibles— porque cuando se escribió no había ningún campo por donde mandar el panel y se asumió que habría que transcribirlo entero. El backend lo resolvió al revés y mejor: panel_context: {panel_id, period}, y el servicio arma el resto leyendo el panel por su id. Transcribir doce campos desde el front habría sido mandarle al backend datos que él ya tiene, con la posibilidad de que difirieran. Construida el 2026-09-21 en src/api/chat.ts —alCable()— y src/api/useChat.ts —PanelContext—. Lo prueba tests/api/chat.test.ts, contra el cable transcripto y no contra nuestro vocabulario interno.",hecho,no,,equipo:front fase:3 estado:hecho
F3.3,Front · Fase 3 — Chat contextual,Front,3,Chat contextual,«Ver detalle» y «Preguntar» en el shell del panel,,"• Los dos son CALLBACKS del shell, no navegación escrita adentro: render/ no sabe a dónde llevan y la superficie es dueña del viaje.
• Sin manejador no se pinta el botón. Es la regla del CTA muerto, que el shell ya aplica: «Ver detalle» está diferido por D3, así que hoy no se pinta ninguno de los dos y eso es correcto.
• «Preguntar» abre la hoja con el panel desde el que se preguntó.",hecho,no,,equipo:front fase:3 estado:hecho
F3.4,Front · Fase 3 — Chat contextual,Front,3,Chat contextual,Cliente SSE,,"• Lee los seis eventos que declara el contrato. Cerrar la hoja aborta el stream. Un error a mitad deja lo ya recibido visible y dice qué pasó. El criterio decía otros nombres y estaba equivocado. Pedía «pensando, fragmento, dato, sql, error, fin», que salía de tareas-front-back.md. El contrato declara texto, dato, auditoria, sugerencias, fin y error: pensando no existe, fragmento es texto, sql es auditoria, y sugerencias faltaba en el plan. Gana el contrato, que es su casa. Corregido acá el 2026-09-03. Cerrada el 2026-09-03. Dos decisiones de implementación que el criterio no anticipaba: No se usa EventSource. POST /config/chat lleva la pregunta en el cuerpo y EventSource solo hace GET sin cuerpo: la pregunta tendría que viajar en la URL, donde queda en logs de proxy y en el historial del navegador. Se usa fetch con ReadableStream, que además da AbortController de verdad. (El criterio de F3.8 menciona «no deja el EventSource abierto»; lo que hay que no dejar abierto es el cuerpo de la respuesta.) El parseo trocea por \n\n, no por chunk. Un chunk de la red no es un evento: puede partir un JSON al medio, traer tres juntos, o terminar sin cerrar el último. Un parser escrito «un chunk, un evento» funciona en desarrollo —donde el servidor local manda cada evento entero— y falla detrás de un proxy. Las pruebas arman las tramas partidas en lugares incómodos a propósito, y las dos mutaciones lo confirman.",hecho,no,,equipo:front fase:3 estado:hecho
F3.5,Front · Fase 3 — Chat contextual,Front,3,Chat contextual,UI de mensajes con estado de streaming,,"• Recibe una lista de turnos y un estado. No sabe qué es SSE, no abre nada y no acumula: se puede montar con turnos fijos, sin conexión.
• El estado de streaming se anuncia por aria-live, y la región viva es la RESPUESTA y no el turno entero: envolviendo todo, un lector de pantalla relee la pregunta con cada fragmento.
• Ningún spinner · la casa usa esqueleto o nada.
• §7.1: toda respuesta muestra su SQL en un desplegable, cerrado por defecto, y con el límite declarado al lado.
• Un corte dice si lo recibido sigue valiendo. El criterio decía «leyendo parcial del backend» y desde el 2026-09-21 eso es falso: el frame error del cable manda {code, message} y no declara nada. Lo deriva api/chat.ts de si ya se entregó contenido, apoyado en que el servicio persiste la respuesta acumulada antes de cerrar. Pedido como campo en docs/MENSAJE-2026-09-21-dos-tareas-del-chat.md.",hecho,no,,equipo:front fase:3 estado:hecho
F3.6,Front · Fase 3 — Chat contextual,Front,3,Chat contextual,Reutilizar cuerpos de panel para respuestas estructuradas,,"• base. El catálogo trae la BASE de la MÉTRICA. La cifra que compuso el agente puede tener otro denominador: si filtró a una tienda, «48 tiendas sobre 52» es falso. Copiarla es declarar un denominador que nadie calculó.
• frescura. La cifra del chat no se materializó — la calculó el agente al vuelo—, y el catálogo no tiene fecha que sirva.",hecho,no,,equipo:front fase:3 estado:hecho
F3.7,Front · Fase 3 — Chat contextual,Front,3,Chat contextual,Historial de hilos,"Listado de conversaciones previas del usuario, desde GET /config/chat/hilos.","• Cada hilo muestra con qué panel y período se abrió.
• Retomar un hilo reenvía su contexto; no arranca uno nuevo en silencio.
• «Hoy» se mide contra medianoche LOCAL, no contra «hace 24 horas». A las 15:00, un hilo de las 02:00 de hoy es de hoy y uno de las 23:00 de ayer no lo es. Con una ventana de 24 horas los dos caerían mal.
• El mes lleva el año cuando no es el corriente. La retención es de 12 meses y el contrato nombra «reabrir la consulta del mismo mes del año previo»: sin el año, dos grupos se llamarían «julio» y no habría cómo distinguirlos.",hecho,no,,equipo:front fase:3 estado:hecho
F3.8,Front · Fase 3 — Chat contextual,Front,3,Chat contextual,useChat(contextoPanel) — envío y stream fuera de la UI,"La lógica de envío, acumulación de fragmentos y cierre del stream, separada del componente que la pinta.","• El componente de mensajes recibe una lista y un estado; no conoce SSE.
• Desmontar la hoja aborta el stream y no deja el EventSource abierto.
• Las cifras van aparte de la prosa, no intercaladas, porque cada una se pinta con el cuerpo de panel que le toca · F3.6. Y se guarda el evento entero, no solo valor: es lo que conserva la procedencia pegada a la cifra.
• Las sugerencias reemplazan, no se acumulan. El evento manda la lista completa; acumularlas dejaría en pantalla sugerencias de una vuelta anterior.
• fin y error no tocan la respuesta, solo el estado del turno. Mezclarlos haría que apply decidiera dos cosas distintas.",hecho,no,,equipo:front fase:3 estado:hecho
F3.9,Front · Fase 3 — Chat contextual,Front,3,Chat contextual,Drill-down C2,"v2 tiene 128 líneas construidas: desagregación por las dimensiones que declara la métrica. nuevo-desarrollo.md lo baja a F5.4. Estado: diferida (D3). No se descarta ni se planifica todavía; entra cuando el backend llegue a ese tramo. El contrato ya la cubre, así que lo que falta es el servicio, no el diseño.","• Las dimensiones salen del catálogo, no de una lista escrita en el front.",diferida,si,,equipo:front fase:3 estado:diferida nueva
F3.10,Front · Fase 3 — Chat contextual,Front,3,Chat contextual,Accionables y hallazgos C4,"El framework de PS-17: responder aceptado/rechazado sobre un ítem, promover un hallazgo con autor y fecha, y medirlo después. El contrato ya lo cubre: /config/accionables, /config/accionables/{id}/respuesta, /config/decisiones. Estado: diferida (D3). No se descarta ni se planifica todavía; entra cuando el backend llegue a ese tramo. El contrato ya la cubre, así que lo que falta es el servicio, no el diseño.","• El cuerpo declara qué se decidió y sobre cuál por callback, y la superficie es dueña del viaje. render/ sigue sin importar de api/. El ítem se identifica por su ref opaco, no por índice: el tope del panel recorta antes de pintar, así que la posición no identifica nada.",diferida,si,,equipo:front fase:3 estado:diferida nueva
F3.11,Front · Fase 3 — Chat contextual,Front,3,Chat contextual,Módulo MMM,"Monitor y controlador. nuevo-desarrollo.md lo cita solo como anti-patrón —la rama if (metricId === 'mmm_canales') en la consola— y la crítica es correcta, pero el reemplazo necesita destino: o es un tipo de panel propio, o es configuración de layout. Estado: diferida (D3). No se descarta ni se planifica todavía; entra cuando el backend llegue a ese tramo. El contrato ya la cubre, así que lo que falta es el servicio, no el diseño.","• Cero ramas por metricId en la superficie. Y Synapse no ejecuta (§1.3.16): promueve un accionable con su autor y su fecha, no aplica un reparto.",diferida,si,,equipo:front fase:3 estado:diferida nueva
F3.12,Front · Fase 3 — Chat contextual,Front,3,Chat contextual,"El cliente SSE habla el cable, no nuestro vocabulario","Traducir las tramas de POST /config/chat al EventoDeChat del contrato, y mandar el cuerpo con los nombres que el servicio declara. No reabre F3.4. Su criterio —«lee los seis eventos que declara el contrato»— se cumplió y sigue cumpliéndose. Lo que cambió es el cable. Es la hermana de F1.38 para el chat, y por eso es una tarea nueva y no una corrección de aquélla.","• El discriminador se lee de la línea event: de la trama, no de adentro del JSON. Es el defecto concreto: hasta el 2026-09-21 la línea se descartaba a propósito y useChat conmutaba sobre undefined — el chat no pintaba una sola palabra.
• El cuerpo viaja como question + panel_context: {panel_id, period}, que es lo que pide el binding. El anterior habría dado 400 aunque el parseo estuviera bien.
• Las pruebas emiten tramas del CABLE, no del vocabulario interno. Una prueba que emite el dialecto propio pasa en verde con el chat roto: es el mismo modo de falla que F1.38 encontró en panels:batch.
• Lo que el cable no permite traducir se descarta con una prueba que lo atestigua, no en silencio: data por F3.6 y thinking por no tener equivalente.",hecho,si,,equipo:front fase:3 estado:hecho nueva
F3.14,Front · Fase 3 — Chat contextual,Front,3,Chat contextual,"Preguntas sugeridas por panel, y como chips","Consumir GET /config/panels/{panelId}/chat-suggestions y pintar las sugeridas como el .pen las dibuja. Es la tarea sin número que el plan del 2026-09-17 dejó anotada al final de la Fase 3, más la §7 de la auditoría del 21.","• Las sugeridas se aprietan y preguntan. Sin manejador no se pintan.
• Se piden para ESE panel y ESE período. Sin period el servicio usa el mes actual en UTC, que no es el del tenant ni el que se está mirando.
• El texto llega redactado del servicio: el front no escribe copy.",hecho,si,,equipo:front fase:3 estado:hecho nueva
F3.15,Front · Fase 3 — Chat contextual,Front,3,Chat contextual,El chat tiene presencia en la consola,"Decisión humana del 2026-09-22: «el chat debe tener presencia, es una funcionalidad importante para el uso de Synapse, no un complemento — algo flotante o una persiana que abre sobre el dashboard». El .pen ya lo dibuja, en las dos formas, y en TODAS las pantallas de consola —C1 ×5, C2, C3 ×2, C4 ×2, C5 y los dos responsive—. No se construyó ninguna de las dos, y es la tercera vez que algo estaba dibujado y no se abrió: | Dónde | Qué dibuja | |---|---| | Navbar/CTA Synapse | Botón PREGUNTAR · alto 32 · fondo $acc · icono sparkles 14 en $on-acc · mono 10 w500 | | Barra inferior | Banda de 56 de alto, ancho completo, $dock con borde superior $w2, padding 0/24. Izquierda: PREGUNTAR A SYNAPSE —alto 32, $r-lg, borde $w3, sparkles en $dim—. Derecha: punto de 7 en $fam-medios-1 y la línea de contexto | La persiana ya existe —ChatOverlay, la hoja de 940 con velo de F5.17—. Lo que falta es la presencia, que es exactamente lo que se pidió. Y el contexto pasa a ser de PESTAÑA · decisión humana del 2026-09-22, opción (a) de docs/PROPUESTA-2026-09-22-divergencias-con-el-pen.md §5. Eso cierra esa propuesta y reemplaza la decisión del 2026-09-17, que se había tomado sobre la forma que el backend ya tenía y no sobre cuál era mejor. El razonamiento que la sostiene: un chat «del panel» no puede tener presencia permanente, porque el panel es quien da el contexto; uno «de la pestaña» sí. El PREGUNTAR de cada panel no se va: sigue existiendo y es más específico. Son dos entradas con dos alcances, que es lo que el .pen dibuja.","• La barra inferior y el CTA del navbar salen del frame, no de la nota, y con las medidas de arriba.
• La barra declara el contexto que va a viajar, y lo que declara es lo que viaja: si dice «12 paneles», la pregunta alcanza a esa pestaña.
• El botón no se pinta hasta que el cable lo acepte. Regla del CTA muerto: un PREGUNTAR A SYNAPSE que devuelve 400 es peor que su ausencia.
• El PREGUNTAR de panel sigue funcionando y sigue mandando panel_id.
• Se abre la pantalla antes de darla por construida.",pendiente,si,,equipo:front fase:3 estado:pendiente nueva bloqueada
F3.13,Front · Fase 3 — Chat contextual,Front,3,Chat contextual,La respuesta del agente es MARKDOWN y se pinta literal,"Renderizar el markdown que el agente devuelve, en vez de volcarlo como texto plano. Encontrado el 2026-09-21 al ABRIR el chat, no por una prueba. En pantalla se lee ### Límite declarado con los tres numerales incluidos. El openapi.yaml de 82da946 lo declara: la respuesta es «markdown en español que abre con una conclusión de 1-2 frases y, cuando aplica, las secciones ### Puntos de lectura, ### Fuentes consultadas y ### Límite declarado». No reabre F3.5, cuyo criterio se cumplió: se escribió antes de saber que el agente contesta markdown, y ninguna de sus aserciones es falsa hoy. Es la misma distinción que F3.12 con F3.4 — lo que cambió es el cable.","• Encabezados, listas y énfasis se pintan con los tokens de la escala tipográfica. Ni text-[13px] ni text-sm: las dos se saltan el sistema.
• No se inyecta HTML del agente. El texto lo compone un modelo que consulta datos del tenant; pintarlo con dangerouslySetInnerHTML convierte una respuesta en un vector.
• Las tres secciones que el backend declara se ven como secciones y no como una línea más de prosa. §7.1 pide el límite declarado al lado del SQL.
• [SIN_COMPETENCIA] en la primera línea no se muestra crudo: el backend lo usa para decir que no puede responder con las fuentes que tiene.",hecho,si,,equipo:front fase:3 estado:hecho nueva
F4.1,Front · Fase 4 — Admin y Builder,Front,4,Admin y Builder,surfaces/admin/ — layout base y navegación,,"• No se muestra vocabulario de infraestructura (§7.3 de design.md): ni base, ni rol técnico, ni grants, ni warehouse. Se declara la consecuencia —acceso vigente, última verificación— no la plomería. Única excepción: la lista de subprocesadores, que es obligación legal.
• La credencial de Snowflake no se muestra ni se edita desde acá: se referencia por identificador del gestor de secretos.
• Un usuario ve su propia fila marcada «sin acción sobre tu cuenta».",hecho,no,,equipo:front fase:4 estado:hecho
F4.2,Front · Fase 4 — Admin y Builder,Front,4,Admin y Builder,Lista de tenants,,"• No se muestra vocabulario de infraestructura (§7.3 de design.md): ni base, ni rol técnico, ni grants, ni warehouse. Se declara la consecuencia —acceso vigente, última verificación— no la plomería. Única excepción: la lista de subprocesadores, que es obligación legal.
• La credencial de Snowflake no se muestra ni se edita desde acá: se referencia por identificador del gestor de secretos.
• Un usuario ve su propia fila marcada «sin acción sobre tu cuenta».",hecho,no,,equipo:front fase:4 estado:hecho
F4.3,Front · Fase 4 — Admin y Builder,Front,4,Admin y Builder,Gestión de usuarios y roles por tenant,,"• No se muestra vocabulario de infraestructura (§7.3 de design.md): ni base, ni rol técnico, ni grants, ni warehouse. Se declara la consecuencia —acceso vigente, última verificación— no la plomería. Única excepción: la lista de subprocesadores, que es obligación legal.
• La credencial de Snowflake no se muestra ni se edita desde acá: se referencia por identificador del gestor de secretos.
• Un usuario ve su propia fila marcada «sin acción sobre tu cuenta».",parcial,no,,equipo:front fase:4 estado:parcial bloqueada
F4.4,Front · Fase 4 — Admin y Builder,Front,4,Admin y Builder,Configuración de agente Snowflake por tenant,,"• No se muestra vocabulario de infraestructura (§7.3 de design.md): ni base, ni rol técnico, ni grants, ni warehouse. Se declara la consecuencia —acceso vigente, última verificación— no la plomería. Única excepción: la lista de subprocesadores, que es obligación legal.
• La credencial de Snowflake no se muestra ni se edita desde acá: se referencia por identificador del gestor de secretos.
• Un usuario ve su propia fila marcada «sin acción sobre tu cuenta».",hecho,no,,equipo:front fase:4 estado:hecho
F4.5,Front · Fase 4 — Admin y Builder,Front,4,Admin y Builder,Vista del catálogo de métricas del tenant,,"• No se muestra vocabulario de infraestructura (§7.3 de design.md): ni base, ni rol técnico, ni grants, ni warehouse. Se declara la consecuencia —acceso vigente, última verificación— no la plomería. Única excepción: la lista de subprocesadores, que es obligación legal.
• La credencial de Snowflake no se muestra ni se edita desde acá: se referencia por identificador del gestor de secretos.
• Un usuario ve su propia fila marcada «sin acción sobre tu cuenta».",hecho,no,,equipo:front fase:4 estado:hecho
F4.6,Front · Fase 4 — Admin y Builder,Front,4,Admin y Builder,surfaces/builder/ — composición visual,,"• F4.8: una pestaña que no contesta una pregunta no se compone. La pregunta operativa es obligatoria, no un subtítulo opcional.
• F4.11: usa catalog/blocks.ts, que ya está escrito. Un tipo incompatible con la forma de la métrica se marca con la razón, no con «inválido».
• F4.11: la validación del front es feedback inmediato; el servidor decide (B4.6). Nunca se publica algo que el front dio por bueno y el servidor no vio.",hecho,no,,equipo:front fase:4 estado:hecho
F4.7,Front · Fase 4 — Admin y Builder,Front,4,Admin y Builder,Selector de tenant y plantilla base,,"• F4.8: una pestaña que no contesta una pregunta no se compone. La pregunta operativa es obligatoria, no un subtítulo opcional.
• F4.11: usa catalog/blocks.ts, que ya está escrito. Un tipo incompatible con la forma de la métrica se marca con la razón, no con «inválido».
• F4.11: la validación del front es feedback inmediato; el servidor decide (B4.6). Nunca se publica algo que el front dio por bueno y el servidor no vio.",hecho,no,,equipo:front fase:4 estado:hecho
F4.8,Front · Fase 4 — Admin y Builder,Front,4,Admin y Builder,"Editor de pestañas: nombre, pregunta operativa, orden, sugerencias",,"• F4.8: una pestaña que no contesta una pregunta no se compone. La pregunta operativa es obligatoria, no un subtítulo opcional.
• F4.11: usa catalog/blocks.ts, que ya está escrito. Un tipo incompatible con la forma de la métrica se marca con la razón, no con «inválido».
• F4.11: la validación del front es feedback inmediato; el servidor decide (B4.6). Nunca se publica algo que el front dio por bueno y el servidor no vio.",hecho,no,,equipo:front fase:4 estado:hecho
F4.9,Front · Fase 4 — Admin y Builder,Front,4,Admin y Builder,Canvas de 12 columnas — arrastrar y colocar,,"• F4.8: una pestaña que no contesta una pregunta no se compone. La pregunta operativa es obligatoria, no un subtítulo opcional.
• F4.11: usa catalog/blocks.ts, que ya está escrito. Un tipo incompatible con la forma de la métrica se marca con la razón, no con «inválido».
• F4.11: la validación del front es feedback inmediato; el servidor decide (B4.6). Nunca se publica algo que el front dio por bueno y el servidor no vio.",hecho,no,,equipo:front fase:4 estado:hecho
F4.10,Front · Fase 4 — Admin y Builder,Front,4,Admin y Builder,"Configurador de panel: métrica, tipo, spans, opciones",,"• F4.8: una pestaña que no contesta una pregunta no se compone. La pregunta operativa es obligatoria, no un subtítulo opcional.
• F4.11: usa catalog/blocks.ts, que ya está escrito. Un tipo incompatible con la forma de la métrica se marca con la razón, no con «inválido».
• F4.11: la validación del front es feedback inmediato; el servidor decide (B4.6). Nunca se publica algo que el front dio por bueno y el servidor no vio.",hecho,no,,equipo:front fase:4 estado:hecho
F4.11,Front · Fase 4 — Admin y Builder,Front,4,Admin y Builder,Validación en tiempo real contra /config/blocks,,"• F4.8: una pestaña que no contesta una pregunta no se compone. La pregunta operativa es obligatoria, no un subtítulo opcional.
• F4.11: usa catalog/blocks.ts, que ya está escrito. Un tipo incompatible con la forma de la métrica se marca con la razón, no con «inválido».
• F4.11: la validación del front es feedback inmediato; el servidor decide (B4.6). Nunca se publica algo que el front dio por bueno y el servidor no vio.",hecho,no,,equipo:front fase:4 estado:hecho
F4.12,Front · Fase 4 — Admin y Builder,Front,4,Admin y Builder,Preview por rol,,"• F4.8: una pestaña que no contesta una pregunta no se compone. La pregunta operativa es obligatoria, no un subtítulo opcional.
• F4.11: usa catalog/blocks.ts, que ya está escrito. Un tipo incompatible con la forma de la métrica se marca con la razón, no con «inválido».
• F4.11: la validación del front es feedback inmediato; el servidor decide (B4.6). Nunca se publica algo que el front dio por bueno y el servidor no vio.",parcial,no,,equipo:front fase:4 estado:parcial bloqueada
F4.13,Front · Fase 4 — Admin y Builder,Front,4,Admin y Builder,Guardar borrador,,"• F4.8: una pestaña que no contesta una pregunta no se compone. La pregunta operativa es obligatoria, no un subtítulo opcional.
• F4.11: usa catalog/blocks.ts, que ya está escrito. Un tipo incompatible con la forma de la métrica se marca con la razón, no con «inválido».
• F4.11: la validación del front es feedback inmediato; el servidor decide (B4.6). Nunca se publica algo que el front dio por bueno y el servidor no vio.",hecho,no,,equipo:front fase:4 estado:hecho
F4.14,Front · Fase 4 — Admin y Builder,Front,4,Admin y Builder,Validar antes de publicar,,"• F4.8: una pestaña que no contesta una pregunta no se compone. La pregunta operativa es obligatoria, no un subtítulo opcional.
• F4.11: usa catalog/blocks.ts, que ya está escrito. Un tipo incompatible con la forma de la métrica se marca con la razón, no con «inválido».
• F4.11: la validación del front es feedback inmediato; el servidor decide (B4.6). Nunca se publica algo que el front dio por bueno y el servidor no vio.",hecho,no,,equipo:front fase:4 estado:hecho
F4.15,Front · Fase 4 — Admin y Builder,Front,4,Admin y Builder,Publicar sin deploy,,"• F4.8: una pestaña que no contesta una pregunta no se compone. La pregunta operativa es obligatoria, no un subtítulo opcional.
• F4.11: usa catalog/blocks.ts, que ya está escrito. Un tipo incompatible con la forma de la métrica se marca con la razón, no con «inválido».
• F4.11: la validación del front es feedback inmediato; el servidor decide (B4.6). Nunca se publica algo que el front dio por bueno y el servidor no vio.",hecho,no,,equipo:front fase:4 estado:hecho
F4.16,Front · Fase 4 — Admin y Builder,Front,4,Admin y Builder,"Hooks dedicados: useLayouts, useLayoutEditor, usePublishLayout",,"• F4.8: una pestaña que no contesta una pregunta no se compone. La pregunta operativa es obligatoria, no un subtítulo opcional.
• F4.11: usa catalog/blocks.ts, que ya está escrito. Un tipo incompatible con la forma de la métrica se marca con la razón, no con «inválido».
• F4.11: la validación del front es feedback inmediato; el servidor decide (B4.6). Nunca se publica algo que el front dio por bueno y el servidor no vio.",hecho,no,,equipo:front fase:4 estado:hecho
F4.21,Front · Fase 4 — Admin y Builder,Front,4,Admin y Builder,Selector de gráfico en el builder,"El configurador de panel ofrece los gráficos compatibles con la forma de la métrica elegida, no los 49. Consume /config/plots vía catalog/plots.ts.","• La lista se filtra por formas; los incompatibles no se muestran, no se muestran deshabilitados sin explicación.
• Cada opción declara su mínimo y su tope, para que quien compone sepa antes de publicar que el gráfico va a quedar vacío en un tenant chico.
• Con serieConBanda, solo aparecen gráficos con soportaBanda.
• No elegir nada es válido: el panel usa el gráfico por defecto de su tipo.",pendiente,si,,equipo:front fase:4 estado:pendiente nueva bloqueada
F4.17,Front · Fase 4 — Admin y Builder,Front,4,Admin y Builder,ComparisonBody + ComparePlot,,"• Se construyen cuando el backend envíe esas formas (B5.3), no antes. Hoy ninguna métrica las usa; existen para que el builder pueda ofrecerlas.
• Al estar los quince, el registro pasa de Partial<Record<PanelType, …>> a Record completo, y agregar un tipo al enumerado sin su cuerpo deja de compilar.",pendiente,no,,equipo:front fase:4 estado:pendiente bloqueada
F4.18,Front · Fase 4 — Admin y Builder,Front,4,Admin y Builder,MatrixBody + HeatmapPlot,,"• Se construyen cuando el backend envíe esas formas (B5.3), no antes. Hoy ninguna métrica las usa; existen para que el builder pueda ofrecerlas.
• Al estar los quince, el registro pasa de Partial<Record<PanelType, …>> a Record completo, y agregar un tipo al enumerado sin su cuerpo deja de compilar.",pendiente,no,,equipo:front fase:4 estado:pendiente bloqueada
F4.19,Front · Fase 4 — Admin y Builder,Front,4,Admin y Builder,GraphBody + GraphPlot,,"• Se construyen cuando el backend envíe esas formas (B5.3), no antes. Hoy ninguna métrica las usa; existen para que el builder pueda ofrecerlas.
• Al estar los quince, el registro pasa de Partial<Record<PanelType, …>> a Record completo, y agregar un tipo al enumerado sin su cuerpo deja de compilar.",pendiente,no,,equipo:front fase:4 estado:pendiente bloqueada
F4.20,Front · Fase 4 — Admin y Builder,Front,4,Admin y Builder,Registrar los tres con carga diferida,,"• Se construyen cuando el backend envíe esas formas (B5.3), no antes. Hoy ninguna métrica las usa; existen para que el builder pueda ofrecerlas.
• Al estar los quince, el registro pasa de Partial<Record<PanelType, …>> a Record completo, y agregar un tipo al enumerado sin su cuerpo deja de compilar.",pendiente,no,,equipo:front fase:4 estado:pendiente bloqueada
F4.22,Front · Fase 4 — Admin y Builder,Front,4,Admin y Builder,Transcribir el cable de admin y builder,"Las ocho rutas en contracts/synapse-admin-wire.yaml, con el mismo tratamiento que F1.32. Los cuerpos de PUT /admin/layouts/:id son snake_case y razonables; las respuestas de GET /admin/layouts/:id, POST .../layouts y POST .../publish serializan structs de dominio de Go sin etiquetas json:, así que llegan en PascalCase: ID, Status, ColStart.","• La deuda de PascalCase queda declarada en el yaml, no absorbida en silencio: es una pregunta abierta al backend, no una convención nuestra.
• El yaml declara que rompe los propios tests de Postman del backend —scriptCreateDraft afirma lv.status === 'draft' y lo que llega es Status— para que la pregunta tenga evidencia y no sea una preferencia.
• admin-drift verifica que los tipos generados no deriven del yaml.
• DDLayoutValidationResult y DDCatalogMetric sí traen etiquetas json: y se transcriben tal cual.
• PUT /admin/layouts/:id es un REEMPLAZO COMPLETO, no un parche. Lo que no venga se borra.
• Una tab sin id genera una NUEVA. Mandar el UUID existente conserva el id al reemplazar el contenido; omitirlo recrea. Es la diferencia entre editar y duplicar.
• validate responde 200 aunque la composición sea inválida. El resultado va en data.valid; un 200 quiere decir que la validación corrió, no que esté bien.",hecho,si,,equipo:front fase:4 estado:hecho nueva
F4.23,Front · Fase 4 — Admin y Builder,Front,4,Admin y Builder,Los hooks del builder contra el cable,"useTenants, useLayouts, useLayoutDetail, useSaveLayout, useValidateLayout y usePublishLayout, con su adaptador, siguiendo la figura de F4.16. El ciclo del builder es crear borrador → PUT → validate → publish, y solo un draft es editable: un PUT sobre un publicado devuelve 409.","• El servidor decide. La validación del front es feedback inmediato; nunca se publica algo que el front dio por bueno y el servidor no vio — es el criterio que F4.11 ya declara y acá se sostiene con POST .../validate real.
• Publicar invalida la caché de la consola: /config/me y las pestañas se vuelven a pedir, porque publicar demota el layout publicado anterior a borrador y lo que estaba en pantalla dejó de ser el layout vigente.
• Un 409 sobre un layout publicado se muestra con la razón —«este layout ya está publicado; duplicalo para editarlo»—, no como «error al guardar».
• Los errors[] de validate se muestran por panel, que es como vienen (tab_id, panel_id, field, message), y no como una lista suelta al pie.
• El PUT es un reemplazo completo de tabs y paneles: se envía el layout entero, y mandar una tab sin id genera una nueva. Queda escrito donde se llama, porque es la clase de cosa que se descubre borrando el trabajo de alguien.
• El 409 tiene código propio —REGLA_LAYOUT_PUBLICADO—. Sin distinguirlo, el builder diría «error al guardar» sobre algo que tiene una salida concreta: duplicar el layout.
• Un Status desconocido cae en borrador, no en publicado. Es la lectura segura: un layout del que no se sabe si está publicado no se trata como publicado. La dirección importa.
• validar no cachea. Es una pregunta sobre el estado de ESTE momento; una respuesta guardada diría «válido» sobre una composición que ya cambió. Por eso es mutación y no consulta.",hecho,si,,equipo:front fase:4 estado:hecho nueva
F5.1,"Front · Fase 5 — Multi-dashboard, pruebas y pulido",Front,5,"Multi-dashboard, pruebas y pulido",Selector de layout cuando hay más de uno,"Un tenant puede tener varios dashboards —«Operaciones», «Marca», «Ejecutivo»—. El selector aparece solo si ctx.layouts.length > 1.","• Con un solo layout no hay selector: no se ofrece una elección que no existe.
• Cambiar de layout reinicia la pestaña activa, porque la pestaña de un layout no existe en el otro.",pendiente,no,,equipo:front fase:5 estado:pendiente bloqueada
F5.2,"Front · Fase 5 — Multi-dashboard, pruebas y pulido",Front,5,"Multi-dashboard, pruebas y pulido",Pasar layoutId a GET /config/tabs/{tabId},,"• El layoutId entra en la clave de cache de la pestaña: dos layouts no comparten entrada.
• Sin layoutId el backend resuelve el layout por defecto del rol.",hecho,no,,equipo:front fase:5 estado:hecho
F5.3,"Front · Fase 5 — Multi-dashboard, pruebas y pulido",Front,5,"Multi-dashboard, pruebas y pulido",Completar los plots que falten,Los gráficos que necesiten los cuerpos v1.1 (F4.17–F4.19).,"• Cada uno acepta PlotProps<F> y compone primitivas de core/. Si necesita algo que no está en core/, falta una primitiva, no sobra un componente a medida.",pendiente,no,,equipo:front fase:5 estado:pendiente bloqueada
F5.4,"Front · Fase 5 — Multi-dashboard, pruebas y pulido",Front,5,"Multi-dashboard, pruebas y pulido",Overlay de drill-down,"Cubierto por F3.9; queda acá el enganche desde el CTA «Ver detalle» del shell. Estado: diferida (D3). No se descarta ni se planifica todavía; entra cuando el backend llegue a ese tramo. El contrato ya la cubre, así que lo que falta es el servicio, no el diseño.","• Se abre con el panelId y las dimensiones que declara la métrica en el catálogo, nunca con una lista escrita en el front.",diferida,no,,equipo:front fase:5 estado:diferida
F5.5,"Front · Fase 5 — Multi-dashboard, pruebas y pulido",Front,5,"Multi-dashboard, pruebas y pulido","Prueba por cuerpo, con props mínimas válidas",,"• Las pruebas se escriben desde el contrato y desde la cita de la spec, no mirando la implementación. Una prueba escrita desde el código fija lo que el código hace y no puede fallar nunca, ni cuando el código está mal. Es lo que pasó el 2026-08-20 con 184 pruebas en verde.
• F5.6 es un chequeo de paridad, no una lista escrita a mano: recorre el enumerado del contrato.
• F5.8 y F5.9 usan HTTP mockeado, nunca fixtures JS importados.",hecho,no,,equipo:front fase:5 estado:hecho
F5.6,"Front · Fase 5 — Multi-dashboard, pruebas y pulido",Front,5,"Multi-dashboard, pruebas y pulido",Prueba: cada PanelType del contrato tiene componente registrado,,"• Las pruebas se escriben desde el contrato y desde la cita de la spec, no mirando la implementación. Una prueba escrita desde el código fija lo que el código hace y no puede fallar nunca, ni cuando el código está mal. Es lo que pasó el 2026-08-20 con 184 pruebas en verde.
• F5.6 es un chequeo de paridad, no una lista escrita a mano: recorre el enumerado del contrato.
• F5.8 y F5.9 usan HTTP mockeado, nunca fixtures JS importados.",hecho,no,,equipo:front fase:5 estado:hecho
F5.7,"Front · Fase 5 — Multi-dashboard, pruebas y pulido",Front,5,"Multi-dashboard, pruebas y pulido",Prueba: cada Payload.estado muestra el estado correcto,,"• Las pruebas se escriben desde el contrato y desde la cita de la spec, no mirando la implementación. Una prueba escrita desde el código fija lo que el código hace y no puede fallar nunca, ni cuando el código está mal. Es lo que pasó el 2026-08-20 con 184 pruebas en verde.
• F5.6 es un chequeo de paridad, no una lista escrita a mano: recorre el enumerado del contrato.
• F5.8 y F5.9 usan HTTP mockeado, nunca fixtures JS importados.",hecho,no,,equipo:front fase:5 estado:hecho
F5.8,"Front · Fase 5 — Multi-dashboard, pruebas y pulido",Front,5,"Multi-dashboard, pruebas y pulido",Pruebas de contenedor con MSW,,"• Las pruebas se escriben desde el contrato y desde la cita de la spec, no mirando la implementación. Una prueba escrita desde el código fija lo que el código hace y no puede fallar nunca, ni cuando el código está mal. Es lo que pasó el 2026-08-20 con 184 pruebas en verde.
• F5.6 es un chequeo de paridad, no una lista escrita a mano: recorre el enumerado del contrato.
• F5.8 y F5.9 usan HTTP mockeado, nunca fixtures JS importados.",hecho,no,,equipo:front fase:5 estado:hecho
F5.9,"Front · Fase 5 — Multi-dashboard, pruebas y pulido",Front,5,"Multi-dashboard, pruebas y pulido",E2E de una pestaña completa con fixtures HTTP,,"• Las pruebas se escriben desde el contrato y desde la cita de la spec, no mirando la implementación. Una prueba escrita desde el código fija lo que el código hace y no puede fallar nunca, ni cuando el código está mal. Es lo que pasó el 2026-08-20 con 184 pruebas en verde.
• F5.6 es un chequeo de paridad, no una lista escrita a mano: recorre el enumerado del contrato.
• F5.8 y F5.9 usan HTTP mockeado, nunca fixtures JS importados.",hecho,no,,equipo:front fase:5 estado:hecho
F5.18,"Front · Fase 5 — Multi-dashboard, pruebas y pulido",Front,5,"Multi-dashboard, pruebas y pulido",ROLES Y COMPOSICIÓN en A2 · el desglose por rol,"El séptimo y último punto mediano de la auditoría docs/AUDITORIA-2026-09-21-pen-vs-chat-y-ficha.md · §9, y el hueco más grande que había quedado: Sección · Roles del .pen no es una lista de nombres sino una tarjeta por rol con cuántos paneles ve y en qué pestañas, y debajo una fila por pestaña con su pregunta operativa. La pantalla decía «Pestañas · A · B · C» — el mismo dato sin lo que lo vuelve legible. Casi todo llegaba ya: las pestañas, sus paneles y la pregunta están en el layout publicado, que A2 pide para el editor de roles. Admin.tsx los tiraba al adaptar —{ id, nombre }— y nadie los echaba de menos.","• La tarjeta sale del frame, no de la nota: $panel, $r-xl, borde $w3, padding 24; cifra a la derecha con su rótulo debajo; una línea $w2 antes del desglose; una fila por pestaña con nombre, pregunta y conteo.
• «Vacío = todas» se resuelve en aritmética, no en una nota. Un rol sin pestañas elegidas suma los paneles de todas; leerlo como «ninguna» pintaría «0 paneles» y se vería perfecto.
• Lo que el cable no manda no se inventa y su ausencia se prueba: los heredados de plantilla y la descripción del rol. El resumen se corta antes, sin separador colgando — que es el defecto que le señalamos al backend en la línea de BASE.
• El enlace al catálogo dispara, verificado desde la superficie y no desde la hoja.
• Se abre la pantalla antes de darla por construida.",hecho,si,,equipo:front fase:5 estado:hecho nueva
F5.17,"Front · Fase 5 — Multi-dashboard, pruebas y pulido",Front,5,"Multi-dashboard, pruebas y pulido","La hoja del chat mide 940, con riel lateral y colapso","Rehacer ChatOverlay y PanelChat con la forma que §PEN:C3 dibuja, y construir la pantalla del historial colapsado.","• Dos columnas: historial 220 y conversación 720, dentro de una hoja de 940.
• El riel colapsa a 52 conservando el control para reabrir, el «+» y la cuenta.
• La hoja tiene velo, filo y radio sólo del lado que entra.
• Un Velo a pantalla completa por detrás. Es lo que vuelve cierto el aria-modal, que estaba declarado desde el principio y era mentira: sin velo, todo lo de atrás seguía siendo clickeable y alcanzable por teclado, así que a un lector de pantalla se le decía que el resto estaba inerte cuando no lo estaba.
• La cabecera y el campo van en $elev sobre una conversación en $panel, y el riel en $dock. Son tres superficies, no una.",hecho,si,,equipo:front fase:5 estado:hecho nueva
F5.16,"Front · Fase 5 — Multi-dashboard, pruebas y pulido",Front,5,"Multi-dashboard, pruebas y pulido","El chrome de la consola son tres bandas, no un bloque","Separar el navbar del título y el título del contenido, como el .pen los dibuja.","• El tema y la identificación del usuario viven en el navbar, no al lado del título de la pantalla.
• El navbar es una banda propia, con su fondo y su borde.
• Entre las pestañas y los paneles hay una separación declarada, no aire.",hecho,si,,equipo:front fase:5 estado:hecho nueva
F5.15,"Front · Fase 5 — Multi-dashboard, pruebas y pulido",Front,5,"Multi-dashboard, pruebas y pulido","El logotipo de la plataforma, que no estaba en ninguna pantalla",Portar el wordmark de Synapse desde el repositorio archivado y montarlo en los tres chromes.,"• El logotipo es el ARTE, no la palabra en font-display. No tiene símbolo: es solo la palabra · decidido por el humano el 2026-08-20.
• Se invierte con el tema sin un segundo archivo.
• Tiene nombre accesible: el glifo vive en una máscara y no en el texto.",hecho,si,,equipo:front fase:5 estado:hecho nueva
F5.14,"Front · Fase 5 — Multi-dashboard, pruebas y pulido",Front,5,"Multi-dashboard, pruebas y pulido","Los literales de C3 y A2, del .pen","Los cuatro ajustes chicos de la auditoría docs/AUDITORIA-2026-09-21-pen-vs-chat-y-ficha.md · §3, §4, §6 y §8.","• Los literales de UI son los del .pen, que es su autoridad. Donde el dibujo nombra algo que acá no es lo mismo, se adapta y se dice por qué — no se copia una etiqueta que miente.
• Cada archivo que implementa una pantalla dibujada lleva su §PEN:<id>.
• La regla del CTA muerto sigue: un botón del dibujo sin manejador no se pinta.",hecho,si,,equipo:front fase:5 estado:hecho nueva
F5.13,"Front · Fase 5 — Multi-dashboard, pruebas y pulido",Front,5,"Multi-dashboard, pruebas y pulido",Períodos libres en el selector,"Decisión del 2026-09-04 (humano): se va con manejo de períodos libres. El usuario elige un rango y la consola lo contesta, en vez de elegir de una lista cerrada que manda el backend. Lo que YA está resuelto y no hay que rehacer. El selector no tiene ni un período escrito: agrupa por grano, deshabilita lo que la pestaña no puede contestar y declara la razón. Un rango libre declara grano: dia —se corta en días— así que coarsestRequired ya sabe que una métrica mensual no lo puede contestar. La lógica difícil está escrita desde F1.7.","• Un rango libre viaja como PeriodoId —2026-07-01_2026-07-17— y no como un campo paralelo. periodo ya es una clave única que atraviesa el batch, la caché, los payloads y el hilo del chat: dos formas de decir «cuándo» obligan a cada consumidor a entender las dos.
• La superficie sostiene el período elegido como objeto, no como id. Hoy ConsoleContainer lo busca en Contexto.periodos y cae al primero si no está; un rango libre nunca va a estar en esa lista.
• Se valida MIENTRAS se elige, no después. Con la lista cerrada el selector deshabilita antes de que el usuario toque nada; con rango libre elige y recién ahí se entera de que media pestaña quedó vacía. Se valida contra coarsestRequired, que ya existe.
• El rango entra en la clave de caché como cualquier otro período.",pendiente,si,,equipo:front fase:5 estado:pendiente nueva bloqueada
F5.10,"Front · Fase 5 — Multi-dashboard, pruebas y pulido",Front,5,"Multi-dashboard, pruebas y pulido",Checklist de conformidad §17 por tipo de bloque integrado,,"• F5.11: automatizable — el chequeo de contraste de v2 (tools/contraste.py) verifica los pares de tokens en los dos temas y corre en cada build.
• F5.12: una pestaña que usa cinco tipos descarga cinco chunks de cuerpo, no quince. Verificable sobre el output del build.
• «Cambiar tenant/rol recomponen sin deploy» · el 2026-09-15, abajo.
• «Clic abre chat con metricId + contexto» · el 2026-09-21, abajo del todo. Esperaba a F3.2, que esperaba a T4.
• ~~«Cambiar período no re-fetch layout»~~ · cerrada el mismo día que la auditoría la encontró. Estaba implementada —keys.tab no lleva el período— y escrita en un comentario de hooks.ts, pero ninguna prueba la sostenía: se cumplía por accidente de quien la escribió, que es como se pierde una garantía en la siguiente refactorización. Ahora hay una prueba que cambia de período y comprueba que el layout se pidió UNA vez y el batch dos. Verificada por mutación metiendo el período en la clave del layout.
• ~~«Prueba de render mínimo con props válidas»~~ · cerrada con F5.5 el mismo día: los doce cuerpos tienen prueba.",hecho,no,,equipo:front fase:5 estado:hecho
F5.11,"Front · Fase 5 — Multi-dashboard, pruebas y pulido",Front,5,"Multi-dashboard, pruebas y pulido",Verificar tema oscuro y claro en todo componente,,"• F5.11: automatizable — el chequeo de contraste de v2 (tools/contraste.py) verifica los pares de tokens en los dos temas y corre en cada build.
• F5.12: una pestaña que usa cinco tipos descarga cinco chunks de cuerpo, no quince. Verificable sobre el output del build.
• «Cambiar tenant/rol recomponen sin deploy» · el 2026-09-15, abajo.
• «Clic abre chat con metricId + contexto» · el 2026-09-21, abajo del todo. Esperaba a F3.2, que esperaba a T4.
• ~~«Cambiar período no re-fetch layout»~~ · cerrada el mismo día que la auditoría la encontró. Estaba implementada —keys.tab no lleva el período— y escrita en un comentario de hooks.ts, pero ninguna prueba la sostenía: se cumplía por accidente de quien la escribió, que es como se pierde una garantía en la siguiente refactorización. Ahora hay una prueba que cambia de período y comprueba que el layout se pidió UNA vez y el batch dos. Verificada por mutación metiendo el período en la clave del layout.
• ~~«Prueba de render mínimo con props válidas»~~ · cerrada con F5.5 el mismo día: los doce cuerpos tienen prueba.",hecho,no,,equipo:front fase:5 estado:hecho
F5.12,"Front · Fase 5 — Multi-dashboard, pruebas y pulido",Front,5,"Multi-dashboard, pruebas y pulido",Verificar la carga diferida,,"• F5.11: automatizable — el chequeo de contraste de v2 (tools/contraste.py) verifica los pares de tokens en los dos temas y corre en cada build.
• F5.12: una pestaña que usa cinco tipos descarga cinco chunks de cuerpo, no quince. Verificable sobre el output del build.
• «Cambiar tenant/rol recomponen sin deploy» · el 2026-09-15, abajo.
• «Clic abre chat con metricId + contexto» · el 2026-09-21, abajo del todo. Esperaba a F3.2, que esperaba a T4.
• ~~«Cambiar período no re-fetch layout»~~ · cerrada el mismo día que la auditoría la encontró. Estaba implementada —keys.tab no lleva el período— y escrita en un comentario de hooks.ts, pero ninguna prueba la sostenía: se cumplía por accidente de quien la escribió, que es como se pierde una garantía en la siguiente refactorización. Ahora hay una prueba que cambia de período y comprueba que el layout se pidió UNA vez y el batch dos. Verificada por mutación metiendo el período en la clave del layout.
• ~~«Prueba de render mínimo con props válidas»~~ · cerrada con F5.5 el mismo día: los doce cuerpos tienen prueba.",hecho,no,,equipo:front fase:5 estado:hecho
